Phi,d50_um,sigma,SP_percent,phi_max,m1_Pa,Tau0_Pa
0.4651,15.645,1.7136,0.594,0.7153,0.7905,0.4446
0.455,18.836,1.6671,1.012,0.9013,0.7263,0.1701
0.5045,14.479,1.869,0.428,0.6368,0.7718,1.1766
0.4864,16.981,1.7958,0.416,0.6298,0.616,0.785
0.4553,17.326,1.5315,0.825,0.8232,0.6522,0.2032
0.4534,16.191,1.6051,0.368,0.6001,0.6832,0.7233
0.4828,14.933,1.5753,0.419,0.6338,0.7456,0.8769
0.4578,18.432,1.7167,1.082,0.9362,0.8233,0.1764
0.5094,15.704,1.8723,0.659,0.7246,0.7941,0.6735
0.4716,18.506,1.5656,0.707,0.7447,0.7603,0.3919
0.5013,16.458,1.6894,0.878,0.8249,0.6245,0.2947
0.4577,15.31,1.8527,0.669,0.7232,0.7871,0.393
0.4897,17.545,1.8295,1.027,0.8706,0.658,0.233
0.5038,18.237,1.525,0.817,0.8222,0.7163,0.35
0.5013,16.995,1.546,0.741,0.746,0.8078,0.5577
0.4522,14.438,1.8748,0.577,0.6842,0.69,0.4019
0.4751,14.807,1.6887,0.618,0.7161,0.7439,0.4623
0.4705,14.637,1.6589,0.966,0.8448,0.8116,0.2674
0.4535,16.114,1.7263,0.629,0.7263,0.7387,0.3476
0.4518,18.641,1.7115,0.675,0.7402,0.8192,0.354
0.4747,18.253,1.5806,0.671,0.7276,0.7411,0.4307
0.5022,14.167,1.8263,0.769,0.77,0.6733,0.4136
0.4646,17.373,1.5223,0.573,0.6948,0.6995,0.4387
0.4633,16.372,1.504,0.935,0.8363,0.62,0.1977
0.5041,18.531,1.7025,0.445,0.6315,0.8129,1.2934
0.5038,14.961,1.5163,0.705,0.758,0.6431,0.4269
0.4802,16.784,1.7953,0.487,0.6572,0.7594,0.7232
0.451,18.997,1.5846,1.032,0.8818,0.8049,0.1944
0.4905,14.05,1.8112,0.732,0.7785,0.8165,0.43
0.4887,18.684,1.555,0.481,0.659,0.6967,0.7246
0.4599,15.72,1.7932,0.437,0.6342,0.8256,0.726
0.4871,14.281,1.799,0.936,0.8623,0.8086,0.2889
0.4954,15.144,1.7387,0.682,0.7492,0.6973,0.446
0.458,15.739,1.7481,1.065,0.8853,0.6498,0.1651
0.4855,14.974,1.6965,0.712,0.7588,0.6025,0.3327
0.4813,17.851,1.8229,1.082,0.8955,0.6042,0.1816
0.4812,17.208,1.8269,0.772,0.8005,0.6489,0.2828
0.4862,16.317,1.7398,0.473,0.6573,0.6753,0.6905
0.506,17.238,1.8876,0.925,0.8549,0.806,0.3502
0.4792,18.015,1.7157,0.543,0.67,0.6768,0.5824
0.4639,18.532,1.7497,1.025,0.8847,0.7359,0.1974
0.5022,14.02,1.6982,0.674,0.7502,0.6659,0.4532
0.4848,18.065,1.7872,0.75,0.7751,0.7912,0.4008
0.4701,18.263,1.8752,0.4,0.6337,0.8042,0.8062
0.4619,17.77,1.5442,0.731,0.7461,0.7677,0.3569
0.4976,18.025,1.838,1.056,0.9112,0.7854,0.2568
0.4568,16.114,1.6386,0.653,0.7376,0.7761,0.3572
0.508,18.548,1.5025,1.059,0.8968,0.7427,0.2793
0.4975,14.288,1.7198,0.942,0.8336,0.7236,0.318
0.4854,15.246,1.59,0.5,0.6518,0.6405,0.6754
0.506,17.694,1.884,0.957,0.8787,0.6233,0.2467
0.4827,15.981,1.7782,0.354,0.5896,0.6916,1.2332
0.5057,15.313,1.7018,0.971,0.8582,0.6593,0.2818
0.4968,15.21,1.8947,0.38,0.6064,0.6262,1.1556
0.4922,18.882,1.8819,0.513,0.6604,0.6977,0.7492
0.4737,17.645,1.881,0.858,0.8163,0.8484,0.3224
0.4724,17.071,1.6337,0.638,0.7351,0.7627,0.4164
0.4958,17.397,1.6882,0.671,0.7406,0.7819,0.5253
0.4914,18.178,1.5175,0.445,0.6305,0.7481,1.0118
0.488,17.432,1.5279,0.445,0.6424,0.6813,0.7988
0.5052,15.21,1.8505,0.387,0.6129,0.8134,1.5889
0.4904,16.971,1.7413,0.985,0.8643,0.7691,0.2808
0.4993,14.692,1.7993,0.503,0.649,0.6314,0.8084
0.4545,16.3,1.7428,0.538,0.6835,0.8221,0.4933
0.4559,14.021,1.5084,1.085,0.906,0.8177,0.19
0.4729,18.525,1.724,0.814,0.8084,0.698,0.2722
0.4605,17.884,1.7694,0.836,0.7955,0.7794,0.2856
0.4754,17.921,1.8053,0.738,0.7587,0.7852,0.3924
0.4648,14.867,1.8587,0.471,0.6349,0.6713,0.624
0.4869,16.968,1.5657,0.971,0.8494,0.7486,0.2806
0.503,15.1,1.6554,0.722,0.7491,0.7884,0.5443
0.4565,16.563,1.6174,0.604,0.7186,0.743,0.3751
0.4594,16.904,1.6553,0.678,0.7337,0.7859,0.3786
0.4549,16.333,1.5211,0.495,0.6756,0.7022,0.4433
0.4661,16.776,1.7352,0.499,0.6495,0.6766,0.5752
0.4973,15.641,1.6736,0.738,0.762,0.6369,0.3885
0.4687,18.259,1.7736,0.828,0.7808,0.6082,0.257
0.4623,18.575,1.8376,0.664,0.7199,0.6001,0.3196
0.4675,14.09,1.8851,1.033,0.9082,0.8012,0.2046
0.5015,17.046,1.61,0.408,0.6047,0.7238,1.464
0.4879,17.363,1.8009,0.686,0.7328,0.6822,0.4416
0.4849,17.243,1.8597,0.925,0.8421,0.82,0.3108
0.4545,17.903,1.8022,1.058,0.898,0.8281,0.1952
0.4917,15.932,1.5845,0.924,0.8437,0.7791,0.312
0.497,18.443,1.5961,0.739,0.7818,0.6978,0.3849
0.4511,16.195,1.518,0.899,0.8574,0.7643,0.2015
0.493,18.097,1.5523,0.608,0.7198,0.6847,0.5023
0.4669,18.463,1.6678,0.615,0.7273,0.8366,0.4498
0.5054,14.874,1.701,0.715,0.7595,0.7912,0.529
0.4719,18.456,1.8216,1.052,0.8788,0.7683,0.2258
0.488,17.37,1.7166,1.082,0.9057,0.7152,0.2197
0.5099,18.07,1.8107,0.72,0.7423,0.7283,0.5595
0.4661,14.058,1.529,0.948,0.8474,0.7138,0.2237
0.4777,17.183,1.7456,0.828,0.812,0.8238,0.3308
0.4514,17.542,1.5272,0.388,0.6275,0.6356,0.5288
0.4654,16.956,1.6259,0.773,0.7817,0.6345,0.2588
0.4808,14.196,1.6088,0.581,0.6988,0.6813,0.4972
0.4912,16.862,1.6618,0.537,0.6588,0.7727,0.8287
0.455,14.519,1.8252,0.389,0.6022,0.6186,0.6576
0.4749,16.364,1.8599,0.383,0.6191,0.7697,0.9229
0.4848,16.594,1.5205,1.017,0.8911,0.7579,0.2385
0.4962,16.032,1.8087,0.958,0.8565,0.8368,0.3313
0.4636,15.789,1.7591,0.83,0.8285,0.7509,0.2474
0.5023,15.749,1.7205,0.494,0.6417,0.8244,1.1679
0.4584,15.009,1.7694,0.372,0.5969,0.7762,0.9038
0.4783,18.7,1.6372,0.521,0.6557,0.6832,0.6428
0.4706,15.863,1.8715,0.976,0.8921,0.6464,0.1792
0.4609,17.545,1.5428,0.861,0.8031,0.7313,0.2604
0.5004,15.187,1.5198,0.471,0.6286,0.7123,1.1069
0.4976,17.142,1.7755,0.402,0.6158,0.7402,1.2519
0.4699,14.6,1.6248,0.725,0.7658,0.7276,0.3331
0.4692,16.287,1.8385,0.539,0.6958,0.8308,0.5442
0.46,16.319,1.5696,0.948,0.8685,0.6215,0.1706
0.4719,15.124,1.5781,0.507,0.6743,0.7216,0.5554
0.4775,18.659,1.8988,0.773,0.7879,0.7698,0.3426
0.4624,15.095,1.5147,0.737,0.7418,0.6019,0.2872
0.4801,16.425,1.7163,0.894,0.8141,0.7016,0.2856
0.4863,14.468,1.5067,0.823,0.7979,0.6361,0.2941
0.4611,16.202,1.7461,1.02,0.8972,0.638,0.1598
0.4595,15.431,1.5796,0.872,0.804,0.7662,0.2684
0.4603,18.375,1.8435,0.929,0.8345,0.6202,0.1937
0.4592,17.992,1.7829,0.625,0.7095,0.6379,0.3477
0.4797,18.493,1.8585,1.021,0.8769,0.7026,0.2227
0.5014,18.735,1.6985,0.876,0.8366,0.7405,0.3328
0.482,15.475,1.6944,0.457,0.6221,0.7055,0.9067
0.4674,16.09,1.8772,0.756,0.7505,0.6199,0.298
0.5012,18.757,1.8979,0.531,0.6925,0.6492,0.6173
0.4667,15.413,1.6116,1.069,0.8909,0.745,0.2004
0.4689,17.146,1.7797,0.786,0.7966,0.7027,0.2775
0.4776,18.884,1.5443,0.998,0.8818,0.6951,0.2125
0.4951,17.792,1.6487,0.792,0.8014,0.7072,0.3496
0.4777,14.855,1.6703,0.56,0.6751,0.8186,0.6698
0.4905,18.746,1.8518,0.647,0.7087,0.6397,0.4882
0.4542,18.071,1.7741,0.489,0.6617,0.8204,0.56
0.4508,18.546,1.8278,0.734,0.7752,0.8337,0.3037
0.4893,17.469,1.6957,0.75,0.7906,0.6991,0.3436
0.4877,15.66,1.7498,0.822,0.8252,0.6995,0.2914
0.4616,18.087,1.7031,0.821,0.8241,0.7161,0.2357
0.4636,15.007,1.5937,1.047,0.9124,0.7907,0.1924
0.4986,14.73,1.6157,0.384,0.6013,0.67,1.3453
0.4888,16.748,1.8551,0.384,0.5925,0.7143,1.3587
0.4577,15.861,1.6728,0.604,0.7238,0.6562,0.3267
0.5039,15.868,1.6332,1.06,0.9008,0.6543,0.234
0.4513,18.426,1.5347,0.376,0.6034,0.8042,0.805
0.4506,17.435,1.6176,0.695,0.7455,0.6056,0.252
0.4566,16.575,1.7142,0.567,0.6816,0.6625,0.4114
0.5094,17.44,1.5482,0.369,0.6062,0.7649,1.7226
0.4878,16.643,1.8242,0.687,0.7285,0.727,0.4814
0.487,14.183,1.7946,0.88,0.8107,0.6419,0.2826
0.5063,16.872,1.8367,0.486,0.6368,0.7853,1.2264
0.4733,18.246,1.8499,0.632,0.7241,0.7237,0.4224
0.4953,18.92,1.6169,0.582,0.6939,0.7014,0.6181
0.4691,17.695,1.611,0.986,0.8973,0.8212,0.2205
0.4593,17.116,1.5298,0.487,0.6491,0.7081,0.557
0.4764,14.608,1.579,0.81,0.8174,0.6602,0.256
0.5091,18.349,1.7075,0.979,0.8512,0.8302,0.3761
0.4969,14.702,1.7685,0.914,0.8574,0.7295,0.2896
0.4838,15.124,1.7233,0.425,0.6428,0.6352,0.7035
0.4618,18.986,1.512,0.903,0.8266,0.8007,0.2615
0.5015,14.577,1.6627,1.094,0.9086,0.7776,0.2652
0.4747,17.365,1.8297,0.53,0.6803,0.8065,0.6165
0.5022,14.909,1.6721,0.416,0.6334,0.8119,1.2367
0.4759,17.23,1.7283,0.446,0.6278,0.6908,0.7804
0.5006,14.787,1.5124,0.577,0.6911,0.7177,0.6834
0.474,18.549,1.7037,0.731,0.7758,0.8098,0.3682
0.484,14.439,1.7673,0.704,0.7495,0.7831,0.4461
0.4861,16.516,1.6859,0.805,0.7877,0.8261,0.3995
0.4661,17.039,1.6619,0.803,0.811,0.8497,0.3075
0.4735,17.475,1.844,0.71,0.7569,0.6729,0.3332
0.4897,17.244,1.8485,1.033,0.8895,0.6519,0.2152
0.4963,16.98,1.5359,0.407,0.6311,0.7069,1.0164
0.491,17.843,1.5905,0.782,0.7805,0.669,0.3502
0.4579,14.742,1.7544,0.722,0.7396,0.6864,0.3163
0.4999,16.079,1.7913,0.362,0.5909,0.6006,1.3938
0.4737,15.139,1.8856,0.38,0.6061,0.7358,0.9744
0.4729,18.66,1.6115,0.456,0.6453,0.7822,0.7435
0.4706,16.528,1.7031,0.74,0.7631,0.82,0.3831
0.4761,18.166,1.6,0.661,0.7411,0.7715,0.4241
0.493,16.284,1.69,0.787,0.8001,0.8161,0.3981
0.4558,14.613,1.5848,0.805,0.7918,0.8346,0.2971
0.5023,18.414,1.7111,0.607,0.7184,0.7403,0.604
0.4751,16.564,1.6283,0.694,0.7343,0.788,0.4442
0.5005,15.012,1.856,0.523,0.65,0.7628,0.9843
0.4801,16.525,1.5706,0.804,0.7965,0.7216,0.3169
0.4711,18.739,1.5565,0.382,0.5965,0.6981,0.9762
0.4591,16.007,1.6352,0.708,0.7561,0.7454,0.3211
0.4555,18.623,1.8305,0.447,0.6266,0.8149,0.7179
0.46,17.335,1.5936,0.612,0.7196,0.7892,0.411
0.5067,18.668,1.788,0.449,0.6483,0.6662,0.945
0.4698,14.842,1.8042,0.382,0.6078,0.7361,0.9096
0.4725,16.784,1.838,0.948,0.8504,0.6218,0.204
0.4779,14.877,1.776,0.395,0.6161,0.8394,1.0758
0.4524,16.092,1.7034,0.501,0.6476,0.6844,0.5013
0.4964,15.18,1.5294,0.448,0.6552,0.7134,0.8392
0.4576,17.114,1.5341,0.742,0.7788,0.654,0.2506
0.4984,14.219,1.5663,0.695,0.7478,0.7082,0.4703
0.4747,17.197,1.6352,0.454,0.646,0.7312,0.7068
0.4836,18.818,1.6508,0.736,0.7455,0.604,0.3497
0.5075,16.744,1.652,0.774,0.7814,0.6213,0.3793
0.4651,15.324,1.6399,0.899,0.8187,0.6878,0.2392
0.4566,16.646,1.8505,0.821,0.7861,0.7276,0.2675
0.5062,16.22,1.5088,0.398,0.6271,0.6731,1.1511
0.4539,15.594,1.7504,0.586,0.6997,0.7977,0.4338
0.4848,18.048,1.8802,1.052,0.9122,0.7203,0.2106
0.4778,16.944,1.6501,1.086,0.9168,0.8159,0.221
0.4525,14.025,1.8807,0.461,0.6617,0.8413,0.563
0.4932,16.515,1.7337,0.734,0.7831,0.6105,0.3227
0.5004,17.385,1.8089,0.686,0.748,0.6553,0.4432
0.5081,14.139,1.5987,1.017,0.893,0.7325,0.2795
0.4718,16.486,1.6204,1.079,0.9401,0.6629,0.1582
0.4829,14.969,1.5834,0.807,0.7756,0.7185,0.3562
0.4989,17.145,1.851,0.561,0.6713,0.7742,0.8305
0.4578,15.839,1.6657,1.015,0.8839,0.6487,0.1653
0.4724,14.405,1.5881,0.545,0.6888,0.724,0.5117
0.4851,14.527,1.7342,0.756,0.7535,0.6143,0.3469
0.4808,18.096,1.532,0.871,0.8012,0.6711,0.2906
0.5085,14.986,1.5854,1.074,0.8971,0.8028,0.3028
0.509,18.41,1.671,0.851,0.821,0.6415,0.3304
0.4846,18.138,1.8058,0.999,0.905,0.7019,0.21
0.4991,15.991,1.6989,0.379,0.6202,0.7282,1.2055
0.4524,16.297,1.522,0.622,0.7275,0.7754,0.3587
0.4968,18.815,1.6367,0.43,0.6392,0.7353,0.9908
0.5003,16.442,1.6608,0.952,0.8827,0.734,0.2723
0.476,15.669,1.6266,0.95,0.8702,0.7066,0.2221
0.456,15.936,1.7401,1.049,0.8948,0.6202,0.1498
0.4727,14.167,1.6543,0.942,0.8467,0.6418,0.214
0.4671,17.743,1.627,0.45,0.6431,0.6136,0.5521
0.4601,14.603,1.6843,0.559,0.6726,0.6222,0.4241
0.4819,18.176,1.8574,0.419,0.6223,0.8499,1.0893
0.4846,15.716,1.7917,0.383,0.5947,0.7397,1.2866
0.4706,17.578,1.8539,0.664,0.7509,0.8277,0.4097
0.4648,18.879,1.6348,0.47,0.6611,0.6548,0.5069
0.4986,16.625,1.6909,0.695,0.7639,0.7025,0.4295
0.4882,15.88,1.877,0.765,0.7539,0.7741,0.45
0.4558,17.311,1.5465,0.792,0.7944,0.7345,0.2585
0.4531,14.824,1.6321,0.94,0.8382,0.6647,0.1916
0.4649,16.037,1.8946,0.629,0.7063,0.7222,0.4258
0.4764,14.435,1.6213,0.733,0.7514,0.6791,0.3552
0.499,18.006,1.7418,1.091,0.9139,0.6119,0.2005
0.4925,16.42,1.5021,0.356,0.5867,0.7654,1.6562
0.4749,18.983,1.5541,0.761,0.7705,0.7299,0.3434
0.4794,14.212,1.7534,0.688,0.7292,0.6769,0.4093
0.4563,15.227,1.5231,0.517,0.6681,0.7519,0.5048
0.4627,16.302,1.587,0.981,0.8472,0.811,0.2465
0.481,17.092,1.5452,0.923,0.8433,0.7975,0.2905
0.4694,14.574,1.7442,0.669,0.7347,0.6606,0.3505
0.4651,14.005,1.5157,0.685,0.7247,0.6515,0.3486
0.4539,17.803,1.6942,0.387,0.5964,0.6178,0.68
0.4958,17.876,1.637,0.432,0.6481,0.6954,0.8591
0.4533,15.582,1.8893,0.499,0.64,0.7568,0.5902
0.4554,17.6,1.5405,0.547,0.696,0.6322,0.3567
0.5088,18.059,1.7626,0.801,0.7965,0.787,0.4523
0.482,16.616,1.5467,0.797,0.7845,0.8018,0.3784
0.4968,16.956,1.5745,0.707,0.7511,0.6512,0.4182
0.4782,18.021,1.7637,1.009,0.8883,0.7685,0.2308
0.5005,18.533,1.5765,1.098,0.9162,0.6801,0.2238
0.4959,18.186,1.7478,0.818,0.8124,0.6097,0.2891
0.4669,17.531,1.7491,1.073,0.8851,0.779,0.2142
0.4863,14.222,1.827,0.866,0.8105,0.7204,0.3153
0.4615,14.588,1.8961,0.98,0.883,0.8237,0.2176
0.4634,14.216,1.8565,1.072,0.8852,0.8425,0.2246
0.458,14.293,1.5862,0.865,0.8063,0.8144,0.2786
0.504,17.63,1.8588,0.825,0.7952,0.6873,0.3801
0.4819,16.013,1.8561,0.55,0.6982,0.8318,0.6164
0.4626,18.6,1.7601,0.404,0.6255,0.7006,0.6805
0.453,17.477,1.6638,1.005,0.8598,0.6617,0.1758
0.5014,14.704,1.5808,1.03,0.8811,0.8459,0.3188
0.4798,14.533,1.5301,0.798,0.7831,0.7927,0.3686
0.4893,16.162,1.8774,0.555,0.7027,0.6378,0.4981
0.4889,16.729,1.6438,0.372,0.6079,0.7274,1.1738
0.4673,16.601,1.6459,0.462,0.6333,0.834,0.8101
0.4635,14.886,1.6455,0.708,0.7348,0.6988,0.3491
0.4728,15.922,1.5101,0.472,0.6589,0.7836,0.6755
0.4659,14.18,1.8731,0.866,0.8354,0.6767,0.2217
0.4991,16.351,1.8488,0.354,0.6135,0.6457,1.1443
0.4644,14.637,1.7182,0.516,0.6865,0.6765,0.4443
0.4806,16.756,1.6753,0.726,0.7389,0.6087,0.354
0.4832,15.357,1.6987,0.74,0.7493,0.7938,0.4491
0.4969,15.373,1.8296,1.048,0.8874,0.7442,0.2635
0.4704,16.738,1.8269,0.961,0.8412,0.8237,0.2748
0.4565,17.198,1.7655,0.538,0.6928,0.7788,0.4528
0.5037,16.186,1.6614,0.393,0.5999,0.7792,1.7278
0.474,18.005,1.5418,0.595,0.6812,0.8066,0.6083
0.4765,18.847,1.7773,0.363,0.5846,0.7276,1.2451
0.4932,15.115,1.5226,0.991,0.8632,0.6052,0.2272
0.4542,18.701,1.7302,0.832,0.7831,0.7464,0.2716
0.454,16.561,1.7721,0.739,0.749,0.7844,0.3322
0.4909,18.115,1.5168,0.86,0.8267,0.8356,0.356
0.4924,15.871,1.6483,0.411,0.6054,0.8467,1.4773
0.494,16.975,1.5206,0.511,0.6462,0.6656,0.8152
0.4599,15.598,1.7367,0.867,0.8221,0.65,0.2123
0.4918,17.454,1.7136,0.79,0.8034,0.6181,0.2938
0.4812,18.306,1.5619,0.842,0.8063,0.7785,0.331
0.4733,18.74,1.5275,0.47,0.6428,0.745,0.7247
0.455,18.019,1.5549,0.713,0.745,0.7409,0.323
0.487,16.771,1.5021,0.491,0.6504,0.7959,0.8649
0.4986,16.557,1.7006,0.958,0.8803,0.8283,0.3055
0.4926,17.528,1.5763,0.749,0.7686,0.6559,0.3695
0.4523,17.303,1.7459,0.382,0.6217,0.7696,0.6759
0.453,15.162,1.6124,0.405,0.6145,0.6738,0.6315
0.4713,14.423,1.7427,0.389,0.594,0.7058,1.0139
0.4507,14.588,1.7597,0.701,0.7287,0.6297,0.2845
0.4532,15.542,1.8538,0.649,0.7156,0.8498,0.4214
0.4932,15.158,1.5725,0.924,0.8259,0.7285,0.3181
0.4662,17.878,1.6572,0.537,0.694,0.6746,0.4324
0.4944,17.547,1.8418,0.821,0.7952,0.6353,0.321
0.4823,17.23,1.5602,0.848,0.8268,0.6987,0.2751
0.4501,14.569,1.6644,0.534,0.6821,0.6303,0.3634
0.4992,16.19,1.637,0.92,0.8219,0.8109,0.3804
0.4705,15.29,1.764,0.435,0.6475,0.8193,0.7441
0.4835,15.671,1.7087,0.727,0.7437,0.7105,0.4152
0.508,16.135,1.7208,0.679,0.734,0.8116,0.6415
0.4573,16.944,1.5357,0.409,0.621,0.7007,0.6589
0.5024,15.6,1.7024,0.527,0.6604,0.784,0.9529
0.4551,18.273,1.7733,0.956,0.8745,0.8288,0.2129
0.4921,16.915,1.6012,0.86,0.8139,0.6038,0.2746
0.4659,17.74,1.5556,0.721,0.7731,0.7263,0.3093
0.4836,15.161,1.7139,0.576,0.6795,0.7018,0.5964
0.507,14.429,1.8878,0.605,0.6894,0.7266,0.7526
0.4501,15.188,1.652,0.886,0.8137,0.6261,0.1929
0.5026,15.797,1.6174,0.906,0.8484,0.7756,0.3358
0.4562,14.103,1.5998,0.809,0.7768,0.7886,0.3005
0.465,18.72,1.5158,0.717,0.7429,0.8469,0.4124
0.4875,17.075,1.8099,0.636,0.7073,0.6303,0.4696
0.4747,18.828,1.6366,0.526,0.652,0.8198,0.7585
0.4872,18.452,1.8,0.907,0.8223,0.6487,0.2723
0.477,16.741,1.8813,0.668,0.7343,0.8363,0.4806
0.4781,16.436,1.672,0.7,0.7596,0.6386,0.3264
0.4711,15.289,1.5906,0.766,0.7626,0.8149,0.3835
0.4628,14.069,1.7598,0.562,0.6834,0.803,0.5283
0.4796,14.022,1.5668,0.641,0.7277,0.776,0.4743
0.5029,18.315,1.8544,1.012,0.8938,0.6528,0.2375
0.4634,16.7,1.6844,0.888,0.8528,0.7319,0.2192
0.4681,18.636,1.5422,0.727,0.7396,0.7228,0.369
0.4599,16.311,1.6647,1.059,0.9251,0.7673,0.1735
0.4919,14.937,1.6793,0.412,0.6181,0.7398,1.1285
0.4754,15.4,1.8433,0.382,0.6166,0.8295,1.0229
0.4989,16.965,1.732,0.518,0.657,0.7342,0.8784
0.4897,16.856,1.7982,0.617,0.7245,0.6737,0.4651
0.4748,18.461,1.5123,0.923,0.8504,0.6178,0.207
0.5049,16.028,1.7718,0.418,0.6296,0.7033,1.1527
0.5074,15.749,1.8099,0.903,0.83,0.6741,0.3289
0.4955,18.71,1.712,0.748,0.7784,0.665,0.3673
0.4705,14.597,1.6311,0.836,0.7871,0.8243,0.3446
0.4735,16.096,1.5072,1.022,0.8738,0.727,0.2207
0.4512,17.268,1.8096,0.929,0.8322,0.611,0.1769
0.5049,17.966,1.6267,0.75,0.7541,0.774,0.5301
0.4702,16.575,1.5523,0.571,0.7066,0.7992,0.4973
0.5053,16.522,1.6857,0.989,0.8898,0.6982,0.2634
0.4988,17.14,1.832,0.791,0.7745,0.6592,0.3831
0.5025,18.99,1.6403,0.747,0.7888,0.7997,0.4492
0.4963,16.695,1.613,0.841,0.7931,0.819,0.4252
0.4766,14.426,1.76,0.478,0.665,0.7762,0.6707
0.4836,15.527,1.7978,0.541,0.6685,0.6098,0.5581
0.4763,17.738,1.7011,0.633,0.7168,0.6753,0.4236
0.4794,15.861,1.7647,0.834,0.7937,0.7382,0.326
0.4977,16.412,1.7389,0.823,0.8064,0.6884,0.341
0.4843,17.57,1.6742,0.99,0.8916,0.6331,0.1981
0.4867,14.348,1.7356,0.872,0.8159,0.627,0.2691
0.4932,16.586,1.8632,1.039,0.8921,0.6478,0.2184
0.4638,15.121,1.7652,0.351,0.6027,0.8417,1.0038
0.4937,17.828,1.5636,0.722,0.755,0.7824,0.4772
0.4945,17.62,1.8715,0.476,0.6346,0.6169,0.8395
0.4596,14.032,1.6148,0.963,0.8811,0.7269,0.1901
0.4983,16.333,1.6929,0.596,0.69,0.6212,0.5812
0.4937,16.404,1.765,0.422,0.6228,0.6073,0.9092
0.4716,18.628,1.8316,0.673,0.732,0.6937,0.3817
0.4836,15.349,1.83,0.803,0.8015,0.8012,0.3557
0.5095,15.168,1.6638,0.928,0.8335,0.7254,0.3552
0.4664,14.959,1.6293,0.41,0.6048,0.8235,0.999
0.4965,17.437,1.7533,0.447,0.635,0.7267,1.0109
0.4621,18.773,1.5514,0.672,0.7356,0.6138,0.3011
0.4803,15.946,1.5043,0.97,0.8574,0.8239,0.2824
0.4861,15.618,1.8355,0.596,0.7139,0.8101,0.5721
0.494,14.535,1.7019,0.828,0.8114,0.8067,0.3776
0.5026,16.89,1.6504,0.573,0.6721,0.6752,0.7525
0.4699,14.345,1.8763,0.991,0.8608,0.6178,0.1905
0.4698,14.523,1.745,0.418,0.6262,0.7198,0.7627
0.5099,17.049,1.7904,0.675,0.7459,0.6457,0.4864
0.4996,16.681,1.6797,0.669,0.7244,0.6663,0.5105
0.4512,14.822,1.8216,0.854,0.8167,0.8247,0.2537
0.4743,14.413,1.5618,1.099,0.8954,0.7446,0.2107
0.4677,17.702,1.5571,0.361,0.6073,0.8085,0.9757
0.4958,17.786,1.8941,0.815,0.7856,0.6002,0.3215
0.4811,16.356,1.7294,0.804,0.8159,0.7474,0.3047
0.4915,17.359,1.7917,1.074,0.9068,0.6327,0.1994
0.462,15.242,1.5858,1.008,0.8962,0.6034,0.1528
0.5024,18.237,1.5038,0.922,0.8464,0.7677,0.3344
0.4981,17.864,1.5948,0.644,0.7343,0.6314,0.4499
0.4758,17.51,1.7884,0.656,0.7117,0.769,0.4931
0.5073,18.839,1.6912,0.495,0.6728,0.8024,0.9408
0.4807,15.936,1.6005,0.68,0.7398,0.7682,0.4451
0.5008,17.902,1.6832,0.368,0.6162,0.7958,1.4064
0.4537,18.39,1.7231,0.403,0.6202,0.7415,0.6707
0.4906,16.196,1.7442,0.978,0.8892,0.7871,0.2622
0.4659,16.514,1.818,0.847,0.8354,0.829,0.2716
0.4529,16.687,1.8363,0.373,0.6062,0.7905,0.7907
0.5045,16.28,1.6378,0.622,0.7047,0.7252,0.6597
0.4901,16.933,1.5672,0.422,0.6302,0.7129,0.9502
0.4596,15.148,1.547,0.855,0.8006,0.7735,0.2751
0.4878,18.104,1.6126,0.662,0.7167,0.8465,0.5988
0.5082,18.341,1.5709,0.42,0.6315,0.7109,1.1988
0.46,17.799,1.6355,1.037,0.8872,0.693,0.1779
0.4927,16.701,1.8405,0.617,0.7012,0.6032,0.4937
0.4916,18.022,1.6115,0.451,0.6307,0.6897,0.9335
0.4531,16.542,1.5932,0.937,0.87,0.7998,0.2052
0.4965,18.8,1.5151,1.06,0.8847,0.6389,0.2276
0.4656,14.555,1.6788,1.03,0.9025,0.7401,0.1895
0.4824,16.052,1.8733,0.408,0.6017,0.6256,0.9785
0.4884,15.698,1.7832,0.406,0.6052,0.7612,1.2535
0.5081,15.631,1.6198,0.68,0.7293,0.7996,0.65
0.4749,14.492,1.8827,0.368,0.596,0.6443,0.9567
0.501,17.15,1.8382,0.676,0.7562,0.7476,0.4872
0.4516,17.708,1.7701,0.901,0.8429,0.7452,0.2081
0.4765,14.715,1.8046,1.016,0.879,0.6293,0.1924
0.4892,16.825,1.8435,0.662,0.7173,0.7723,0.5529
0.4637,18.199,1.86,0.509,0.6684,0.7028,0.512
0.481,16.195,1.5314,0.592,0.713,0.6677,0.4491
0.4681,15.729,1.7484,0.881,0.8062,0.7455,0.2804
0.4606,17.783,1.7442,0.826,0.7967,0.8131,0.2968
0.4759,18.221,1.6936,0.634,0.737,0.6628,0.3712
0.4866,18.783,1.5276,0.452,0.6483,0.7642,0.8401
0.4977,16.011,1.8133,0.486,0.6621,0.6962,0.7884
0.4549,14.285,1.6674,0.695,0.737,0.8056,0.3649
0.4987,18.15,1.5197,0.375,0.6037,0.7617,1.4901
0.4711,18.932,1.5354,0.978,0.8477,0.8356,0.2736
0.4563,15.583,1.6601,0.967,0.8504,0.6985,0.198
0.4699,15.728,1.8231,0.908,0.8221,0.6326,0.2267
0.4928,16.968,1.5508,1.005,0.8626,0.8166,0.3065
0.4902,18.394,1.626,0.974,0.8502,0.6096,0.2345
0.4814,17.973,1.7828,0.575,0.6753,0.7252,0.6177
0.4891,18.382,1.5807,0.992,0.8562,0.6869,0.2557
0.5035,15.958,1.7853,0.497,0.6633,0.6219,0.7489
0.4626,18.323,1.562,0.957,0.8427,0.6857,0.2119
0.4684,14.028,1.5171,1.089,0.9363,0.6412,0.1504
0.4819,18.553,1.5059,0.618,0.7242,0.7895,0.5036
0.4739,18.808,1.6251,0.588,0.6972,0.6714,0.459
0.4744,16.586,1.5337,1.045,0.9111,0.7047,0.1891
0.4923,16.153,1.557,0.866,0.815,0.6417,0.2912
0.4652,18.433,1.8007,0.729,0.7392,0.633,0.3146
0.4716,17.945,1.8567,0.553,0.6973,0.6783,0.4522
0.4918,14.793,1.8523,0.86,0.8243,0.7882,0.3423
0.4751,15.165,1.8802,1.033,0.9211,0.6265,0.1635
0.4906,14.331,1.5077,0.774,0.8008,0.6968,0.3314
0.4866,16.253,1.5047,0.99,0.8632,0.7299,0.2586
0.48,15.376,1.5625,0.868,0.8317,0.7622,0.2882
0.5091,14.547,1.8863,0.85,0.8034,0.7465,0.4164
0.4742,16.648,1.6391,1.03,0.9063,0.7357,0.2003
0.4534,17.378,1.6584,0.925,0.8572,0.6828,0.1839
0.4998,17.31,1.6859,0.878,0.8484,0.7022,0.2964
0.4551,14.335,1.8,1.098,0.9201,0.7488,0.165
0.4887,15.519,1.8684,0.63,0.7368,0.6056,0.3866
0.4999,15.521,1.7099,0.509,0.6514,0.6459,0.8181
0.4629,15.076,1.8446,0.904,0.822,0.7434,0.2498
0.5002,16.147,1.6765,0.537,0.6733,0.767,0.8233
0.4782,17.432,1.5073,0.937,0.865,0.7512,0.2455
0.4865,15.127,1.6004,0.612,0.6929,0.6378,0.5135
0.4734,14.673,1.5691,0.733,0.7824,0.8186,0.3592
0.4822,14.465,1.7357,1.033,0.9132,0.6319,0.18
0.4755,14.0,1.6666,0.378,0.5929,0.7914,1.2231
0.4915,17.622,1.7314,1.093,0.8995,0.626,0.2026
0.481,17.869,1.7408,0.673,0.728,0.7086,0.4389
0.4609,16.1,1.7313,0.949,0.8492,0.7827,0.2323
0.4831,15.887,1.6033,0.617,0.7094,0.8414,0.5909
0.4928,18.754,1.781,0.85,0.8367,0.7903,0.3287
0.4621,17.781,1.639,0.752,0.7522,0.7126,0.3221
0.5097,17.48,1.5616,0.48,0.6473,0.7896,1.1734
0.4611,14.087,1.5196,0.393,0.616,0.8101,0.8316
0.51,18.354,1.813,0.386,0.6274,0.7017,1.2635
0.4756,15.558,1.7101,0.702,0.768,0.7603,0.3642
0.4887,18.451,1.615,0.646,0.7337,0.6498,0.422
0.4617,16.416,1.8353,0.717,0.7665,0.7231,0.3047
0.4574,18.829,1.5823,0.581,0.7133,0.6404,0.3357
0.4695,15.633,1.7493,1.088,0.9278,0.611,0.1487
0.4769,15.291,1.5151,0.931,0.8512,0.6792,0.2311
0.4945,15.626,1.785,0.986,0.8699,0.6757,0.2502
0.4915,15.094,1.524,0.525,0.676,0.7868,0.7491
0.4671,16.556,1.6969,0.502,0.6714,0.6966,0.5177
0.5095,16.605,1.7494,1.045,0.9021,0.8105,0.3028
0.489,15.715,1.6643,0.597,0.698,0.6655,0.5336
0.4944,16.29,1.7277,0.686,0.7614,0.7842,0.4663
0.5019,15.78,1.6136,0.893,0.8283,0.6537,0.3059
0.4811,15.901,1.6595,0.709,0.7307,0.6853,0.4186
0.4575,18.72,1.5595,0.946,0.8446,0.8193,0.24
0.4786,15.979,1.6195,0.553,0.664,0.7513,0.669
0.454,18.161,1.6976,0.699,0.7617,0.7536,0.301
0.4824,15.982,1.6185,0.409,0.6226,0.827,1.0637
0.4966,18.923,1.875,0.842,0.7948,0.7363,0.3803
0.4568,15.705,1.8991,0.902,0.8256,0.7598,0.2378
0.5083,17.054,1.6123,0.599,0.7026,0.649,0.6244
0.5069,15.89,1.5032,1.099,0.9054,0.7817,0.2823
0.4709,14.362,1.882,0.433,0.6423,0.8369,0.7941
0.4612,15.805,1.8409,0.93,0.8479,0.6878,0.2058
0.5072,18.706,1.8505,0.595,0.6957,0.7264,0.7225
0.4555,16.607,1.8586,0.819,0.8029,0.7018,0.2378
0.4845,16.137,1.7581,0.505,0.6624,0.678,0.6543
0.4738,14.601,1.7814,1.073,0.9142,0.672,0.1775
0.4535,16.789,1.6389,0.607,0.6973,0.8416,0.4616
0.4832,15.916,1.8342,0.688,0.7331,0.6745,0.4155
0.4864,15.575,1.5387,0.642,0.711,0.6237,0.4495
0.4562,17.209,1.6888,0.978,0.8523,0.6207,0.1746
0.5041,15.947,1.7167,0.503,0.644,0.8193,1.1654
0.5026,14.509,1.8644,0.532,0.6763,0.6481,0.7007
0.4971,16.313,1.814,0.697,0.7664,0.7216,0.4297
0.4693,17.912,1.7123,0.449,0.6329,0.7681,0.7668
0.4692,16.408,1.6603,0.636,0.7247,0.7559,0.4216
0.4935,15.362,1.8327,0.874,0.815,0.6249,0.2866
0.4865,15.102,1.5746,0.735,0.7509,0.6441,0.3735
0.5092,15.348,1.5401,0.966,0.8616,0.7818,0.3399
0.4819,15.491,1.5506,0.65,0.7457,0.7605,0.4326
0.4918,18.721,1.6897,0.573,0.7097,0.8428,0.6484
0.4507,18.798,1.6951,0.531,0.6928,0.8004,0.4369
0.4695,15.094,1.7381,0.552,0.6703,0.7737,0.5948
0.4735,16.997,1.6675,0.41,0.6051,0.7477,0.9961
0.4515,15.365,1.621,0.633,0.7354,0.6687,0.2947
0.5007,15.641,1.8633,0.35,0.5823,0.6076,1.6059
0.4527,16.109,1.516,0.678,0.7537,0.6656,0.2722
0.4899,15.997,1.561,0.947,0.8785,0.6587,0.2269
0.5069,18.717,1.5394,1.027,0.9118,0.8004,0.2824
0.4554,16.011,1.5205,1.061,0.8937,0.6843,0.1651
0.4512,18.87,1.8646,0.743,0.7672,0.7313,0.2772
0.4681,17.716,1.5193,0.799,0.7818,0.675,0.2822
0.4802,14.504,1.6041,0.361,0.5809,0.66,1.2487
0.4513,15.402,1.5529,1.087,0.8954,0.8036,0.1858
0.4602,15.229,1.6433,0.445,0.6215,0.7296,0.7092
0.4777,14.527,1.8355,0.972,0.8846,0.7773,0.2353
0.4854,17.57,1.5366,0.81,0.803,0.6605,0.2962
0.4663,14.327,1.695,0.92,0.8421,0.7942,0.2545
0.4832,18.862,1.7072,0.905,0.8377,0.6214,0.236
0.4749,18.185,1.8982,0.595,0.7064,0.8326,0.5454
0.4902,17.618,1.7309,0.552,0.6738,0.8334,0.7939
0.4856,18.05,1.6925,0.881,0.8442,0.6304,0.2385
0.4572,17.855,1.6975,0.885,0.8423,0.7403,0.218
0.4954,15.254,1.5482,0.691,0.74,0.8337,0.56
0.4646,15.74,1.8582,1.075,0.9381,0.6619,0.1495
0.4995,17.175,1.8425,1.053,0.9196,0.7067,0.2281
0.4921,17.628,1.5919,0.568,0.6815,0.6741,0.622
0.4795,18.875,1.6644,0.591,0.6869,0.6774,0.5239
0.4927,16.185,1.7374,1.086,0.9216,0.6649,0.2012
0.4985,14.406,1.5083,1.054,0.9194,0.6325,0.2026
0.4527,17.748,1.552,1.004,0.9067,0.8422,0.1899
0.4868,18.097,1.8622,1.002,0.8893,0.7085,0.2284
0.4523,15.216,1.7979,0.888,0.8326,0.7272,0.2124
0.5063,18.129,1.6214,0.954,0.8778,0.7376,0.2937
0.4812,15.99,1.5106,0.907,0.8394,0.7056,0.2616
0.49,16.298,1.6996,0.967,0.8402,0.7355,0.294
0.4958,14.401,1.6767,0.743,0.7542,0.7666,0.4797
0.5003,16.775,1.797,0.744,0.7539,0.7312,0.4789
0.5092,18.525,1.8477,0.426,0.6244,0.6768,1.242
0.5001,18.318,1.6486,0.665,0.7361,0.8182,0.589
0.5099,18.29,1.8991,0.595,0.7122,0.8017,0.7377
0.4842,14.7,1.7073,0.423,0.6304,0.8475,1.044
0.4553,17.91,1.7835,0.916,0.8244,0.8065,0.2503
0.5052,18.409,1.8768,0.553,0.678,0.7422,0.8168
0.4624,14.197,1.8198,0.623,0.7144,0.7726,0.4243
0.4557,17.249,1.5099,1.082,0.9043,0.706,0.1647
0.4748,17.56,1.732,0.525,0.6705,0.8181,0.6679
0.501,18.634,1.7795,0.71,0.7692,0.6899,0.4203
0.4627,16.968,1.7716,0.596,0.6861,0.8226,0.5317
0.4929,14.013,1.6804,0.95,0.8501,0.6432,0.2537
0.4923,14.258,1.7019,0.963,0.8661,0.8418,0.3102
0.4794,17.591,1.5444,0.513,0.6523,0.6,0.5864
0.509,15.409,1.5737,0.388,0.5958,0.7801,1.9905
0.4756,14.859,1.7072,0.812,0.7771,0.6219,0.2856
0.5094,16.214,1.6044,0.584,0.6902,0.6197,0.6564
0.5044,17.782,1.8177,0.791,0.7682,0.7125,0.4511
0.5042,14.125,1.8143,0.529,0.661,0.8425,1.0419
0.4877,18.588,1.855,0.494,0.6434,0.8345,0.9658
0.4614,14.607,1.8944,0.625,0.6981,0.7571,0.4501
0.4871,14.364,1.8287,0.426,0.6117,0.7752,1.1752
0.4706,17.224,1.6421,0.558,0.7059,0.7877,0.4944
0.5034,16.443,1.7413,0.68,0.7571,0.7877,0.5229
0.4841,17.468,1.5159,0.623,0.725,0.6643,0.4315
0.4574,15.257,1.5694,0.426,0.6315,0.6491,0.5652
0.4804,15.661,1.7774,0.657,0.7427,0.809,0.4604
0.4807,18.283,1.6584,1.056,0.8799,0.6881,0.2176
0.4759,14.897,1.8883,1.085,0.8937,0.7297,0.2107
0.4734,14.503,1.6239,0.662,0.7299,0.6919,0.3923
0.4537,18.217,1.7872,0.507,0.6623,0.6215,0.4201
0.4733,14.467,1.6937,0.489,0.6667,0.704,0.5786
0.4629,16.529,1.8268,0.398,0.618,0.7555,0.7812
0.5001,15.136,1.6559,0.595,0.7014,0.8353,0.7399
0.4606,15.929,1.8928,0.907,0.8268,0.7135,0.2302
0.4526,18.089,1.5854,0.474,0.6341,0.7815,0.6297
0.4654,17.134,1.5584,0.89,0.8079,0.6938,0.2529
0.4862,18.806,1.6558,0.97,0.892,0.6721,0.2134
0.462,16.193,1.8128,0.508,0.6711,0.6549,0.4603
0.4938,18.155,1.5166,0.425,0.6353,0.77,1.0312
0.5051,18.21,1.7914,0.539,0.6876,0.7151,0.7347
0.504,18.562,1.5843,0.666,0.7234,0.7481,0.6039
0.463,16.346,1.6387,0.929,0.8242,0.7677,0.2559
0.4569,17.298,1.6768,1.012,0.881,0.6968,0.1779
0.4723,17.148,1.8181,0.574,0.7075,0.8497,0.538
0.4517,17.543,1.5859,0.971,0.8824,0.6648,0.1612
0.4833,18.863,1.515,0.565,0.707,0.7905,0.5644
0.456,18.151,1.6589,0.532,0.6832,0.8139,0.4969
0.4609,15.689,1.8239,1.057,0.9188,0.652,0.1518
0.4874,15.612,1.6752,0.833,0.817,0.6732,0.2894
0.4656,18.175,1.7841,0.639,0.7402,0.7526,0.3737
0.4624,17.381,1.8434,0.614,0.6944,0.6325,0.388
0.4525,17.335,1.6742,0.592,0.7028,0.8145,0.429
0.4773,18.708,1.5669,0.856,0.8254,0.6933,0.2624
0.4879,15.355,1.5809,0.467,0.6446,0.7791,0.8961
0.4755,16.426,1.7174,0.685,0.7305,0.8063,0.4652
0.5078,15.882,1.6453,0.445,0.6328,0.7202,1.1921
0.4628,18.753,1.7919,0.429,0.6357,0.7652,0.6902
0.5006,14.995,1.7407,0.622,0.7204,0.7177,0.5684
0.4637,16.686,1.5814,0.788,0.7806,0.7122,0.287
0.4535,14.711,1.5486,0.871,0.8473,0.6598,0.1844
0.4732,14.238,1.6542,0.598,0.707,0.8181,0.5243
0.4891,15.368,1.892,0.968,0.8618,0.6183,0.2251
0.4576,16.839,1.7317,0.497,0.6767,0.6439,0.416
0.454,15.776,1.773,1.079,0.9073,0.7195,0.1637
0.4975,15.274,1.6053,0.445,0.6321,0.6425,0.9302
0.4907,16.379,1.7146,0.499,0.6592,0.7979,0.8486
0.5063,18.454,1.5378,0.854,0.7949,0.7152,0.4048
0.5052,17.785,1.7427,0.421,0.627,0.7851,1.326
0.4759,17.437,1.6302,0.481,0.6707,0.7403,0.6103
0.4726,18.778,1.8815,0.66,0.7103,0.6685,0.4181
0.4767,17.406,1.7864,0.782,0.807,0.6604,0.2683
0.509,14.284,1.8914,0.556,0.6723,0.7105,0.8535
0.5037,18.737,1.6693,1.079,0.9345,0.6275,0.1992
0.5046,18.231,1.5731,0.628,0.727,0.8242,0.6548
0.4518,17.076,1.8642,0.503,0.6551,0.7276,0.5039
0.453,17.392,1.8816,0.871,0.8395,0.8116,0.2324
0.4821,16.311,1.7197,1.007,0.9051,0.6665,0.195
0.4834,14.681,1.855,0.941,0.8559,0.681,0.2413
0.4742,15.192,1.8176,0.6,0.7036,0.7432,0.4909
0.4664,15.678,1.8914,0.955,0.8446,0.6863,0.2181
0.4889,18.702,1.6043,0.884,0.813,0.6199,0.2749
0.5052,15.043,1.8722,0.723,0.7804,0.8129,0.4879
0.4745,18.981,1.6318,0.555,0.6692,0.8048,0.6597
0.4797,17.56,1.8304,0.971,0.8587,0.6434,0.2181
0.4843,18.468,1.8027,0.681,0.733,0.7866,0.4903
0.4524,15.581,1.7029,0.442,0.6325,0.8335,0.6772
0.4724,17.614,1.7627,0.402,0.6118,0.7161,0.8842
0.4864,17.883,1.5913,0.917,0.8636,0.8289,0.2928
0.4851,16.249,1.7175,0.561,0.7036,0.676,0.5021
0.5053,14.587,1.5501,0.812,0.8117,0.7204,0.3736
0.502,14.655,1.7785,0.91,0.8585,0.7237,0.2992
0.4812,15.424,1.7021,0.973,0.8638,0.6485,0.2187
0.4725,17.293,1.5652,0.819,0.8007,0.8141,0.3268
0.4846,15.073,1.5269,0.698,0.73,0.8451,0.5369
0.4654,14.042,1.5441,0.389,0.5933,0.6055,0.8049
0.4999,17.314,1.7688,0.582,0.7148,0.6449,0.5247
0.454,16.572,1.7355,0.512,0.6504,0.6781,0.4966
0.4916,14.166,1.6216,0.734,0.7543,0.6532,0.3919
0.4619,15.389,1.6105,0.664,0.7431,0.6253,0.2951
0.5068,18.643,1.7319,0.531,0.6629,0.6208,0.781
0.4702,16.298,1.5894,0.417,0.6409,0.8018,0.7625
0.4976,15.996,1.7462,0.699,0.7491,0.8488,0.5553
0.4595,14.645,1.6721,0.716,0.7487,0.7598,0.3405
0.4639,16.08,1.8911,0.951,0.8767,0.7208,0.1987
0.4786,18.964,1.6632,1.096,0.9299,0.6185,0.1616
0.4727,16.481,1.8299,0.605,0.7114,0.8227,0.512
0.4653,16.358,1.6647,0.861,0.8317,0.7489,0.2475
0.5017,15.064,1.7675,0.409,0.604,0.8126,1.6607
0.4807,15.549,1.5785,1.035,0.9207,0.8118,0.2225
0.506,17.714,1.7952,0.758,0.7597,0.7542,0.5068
0.4593,15.013,1.735,1.059,0.9186,0.8207,0.1885
0.4527,16.278,1.7481,0.561,0.7053,0.8226,0.4285
0.4594,16.372,1.6335,0.914,0.8455,0.6687,0.1985
0.4618,18.616,1.7179,1.058,0.9313,0.6941,0.1563
0.4653,14.7,1.6107,0.621,0.7122,0.6114,0.3501
0.4807,14.988,1.6275,0.745,0.7708,0.6427,0.3194
0.486,17.12,1.6841,0.861,0.8433,0.6581,0.2509
0.4911,18.749,1.7903,0.472,0.6636,0.8056,0.8332
0.485,17.406,1.8009,0.522,0.6557,0.7635,0.7778
0.4679,18.364,1.8368,1.056,0.8914,0.7074,0.192
0.4683,14.61,1.6981,0.423,0.6332,0.71,0.6984
0.5044,17.346,1.6935,1.094,0.9039,0.6889,0.2449
0.4889,17.081,1.6715,0.894,0.8189,0.8212,0.3552
0.4916,17.048,1.866,1.091,0.9047,0.7656,0.2433
0.4523,16.51,1.864,0.626,0.7361,0.7052,0.3124
0.4572,17.866,1.7072,0.549,0.6619,0.6733,0.475
0.4659,17.795,1.541,0.801,0.7828,0.7786,0.3174
0.4851,18.052,1.7759,0.682,0.7195,0.6799,0.4603
0.4682,16.547,1.8987,0.426,0.6346,0.6156,0.5984
0.4588,17.417,1.7375,0.834,0.7942,0.6392,0.2317
0.5056,18.575,1.8957,0.802,0.779,0.8299,0.5037
0.4683,14.079,1.7231,0.468,0.6334,0.7902,0.7763
0.4616,17.836,1.5824,0.493,0.6677,0.6664,0.4762
0.4921,14.105,1.6263,0.767,0.771,0.8278,0.4587
0.4972,18.401,1.8551,0.633,0.7012,0.7584,0.6516
0.4973,18.88,1.6325,0.475,0.6308,0.7573,1.1062
0.5092,14.878,1.6686,0.485,0.664,0.6847,0.8793
0.4658,15.21,1.6594,0.632,0.7178,0.6858,0.383
0.473,18.64,1.6816,0.903,0.8359,0.6306,0.22
0.4619,18.807,1.5987,0.791,0.7673,0.8156,0.3431
0.4514,18.587,1.6566,0.63,0.702,0.7396,0.3867
0.5004,14.922,1.6449,0.638,0.7238,0.7469,0.5788
0.4722,18.111,1.8401,0.389,0.6211,0.7041,0.8016
0.4923,18.365,1.5675,0.906,0.8478,0.6631,0.2625
0.4976,14.124,1.8341,0.49,0.6386,0.8496,1.1616
0.4648,14.34,1.5775,0.749,0.7688,0.7757,0.3332
0.4568,18.786,1.7787,0.971,0.8544,0.7943,0.2228
0.4961,15.194,1.5442,0.663,0.7284,0.7844,0.566
0.4858,16.549,1.7341,0.603,0.6952,0.6305,0.4965
0.485,16.331,1.576,0.898,0.8282,0.7602,0.3051
0.4726,16.971,1.6524,0.958,0.8867,0.6376,0.1833
0.4899,16.742,1.5464,0.511,0.662,0.6494,0.6701
0.4802,14.294,1.7917,0.553,0.7018,0.716,0.5094
0.4617,16.891,1.5588,0.456,0.6452,0.7953,0.6617
0.4894,15.233,1.7673,0.496,0.6539,0.8366,0.9122
0.5073,16.098,1.5991,0.903,0.8402,0.7529,0.3514
0.4681,15.433,1.6468,0.784,0.7847,0.7449,0.3074
0.4742,15.867,1.6021,0.975,0.8855,0.753,0.2204
0.4959,14.63,1.8917,0.54,0.6924,0.6257,0.5611
0.4609,16.777,1.7877,0.942,0.8627,0.7245,0.2047
0.5082,14.854,1.7675,0.999,0.8964,0.6645,0.2506
0.4795,18.574,1.6342,0.494,0.656,0.6615,0.6299
0.4613,14.497,1.7417,1.026,0.9006,0.7583,0.1882
0.4543,16.426,1.5598,0.863,0.82,0.7913,0.2475
0.5032,18.35,1.5085,0.812,0.7845,0.6061,0.3499
0.4584,15.846,1.6429,0.358,0.5991,0.8439,0.9636
0.464,17.37,1.525,0.447,0.6275,0.6888,0.6703
0.4547,18.272,1.7747,0.941,0.8713,0.6407,0.1659
0.4637,18.648,1.8232,0.408,0.6116,0.6403,0.7061
0.4952,18.23,1.7454,0.927,0.8558,0.7915,0.3115
0.4788,18.743,1.5679,0.764,0.7822,0.6643,0.3073
0.4591,14.291,1.8979,0.396,0.6246,0.715,0.6695
0.5074,16.784,1.8716,0.511,0.6655,0.784,0.9727
0.4982,15.607,1.6906,1.047,0.8955,0.8265,0.2873
0.4845,15.101,1.5805,1.063,0.9273,0.6571,0.1821
0.4737,16.687,1.5197,0.719,0.7737,0.7032,0.322
0.4885,15.486,1.592,0.545,0.6955,0.8239,0.6671
0.499,14.466,1.8589,0.766,0.7786,0.6605,0.3771
0.4844,16.982,1.6097,0.965,0.8554,0.6874,0.2461
0.4764,16.997,1.861,0.833,0.8007,0.6136,0.2554
0.479,18.682,1.8302,1.023,0.912,0.6219,0.1731
0.4696,14.166,1.5314,0.738,0.7459,0.6877,0.3454
0.4718,18.005,1.5721,0.968,0.8505,0.7173,0.2337
0.4886,14.592,1.664,0.666,0.739,0.7964,0.5018
0.4978,18.695,1.7545,0.554,0.6916,0.666,0.6127
0.4648,17.169,1.6013,0.397,0.6013,0.8147,0.9966
0.501,14.54,1.6914,0.497,0.644,0.8409,1.1486
0.4807,18.42,1.5828,0.62,0.7114,0.7725,0.5231
0.4792,17.345,1.5505,0.904,0.8562,0.7566,0.2579
0.4541,16.292,1.6939,0.881,0.8297,0.6204,0.1863
0.4895,17.285,1.8594,1.049,0.9188,0.7417,0.2206
0.4512,17.264,1.5953,0.428,0.6397,0.6446,0.4911
0.4797,14.682,1.5787,0.666,0.729,0.6578,0.3996
0.4891,16.356,1.8916,0.816,0.7918,0.8104,0.3954
0.5085,15.548,1.8255,1.09,0.9304,0.734,0.2458
0.4672,18.113,1.6441,0.793,0.7667,0.6093,0.2705
0.4786,17.333,1.5651,0.889,0.8185,0.7602,0.2996
0.4584,14.858,1.6089,0.976,0.8948,0.7314,0.1804
0.4981,15.644,1.7649,0.996,0.8592,0.8381,0.334
0.4514,15.398,1.551,1.023,0.8745,0.6569,0.1633
0.4721,18.67,1.5734,0.452,0.6394,0.6282,0.6181
0.471,17.877,1.7283,0.689,0.7269,0.612,0.3439
0.466,16.829,1.7859,0.732,0.7459,0.7529,0.3651
0.4719,16.712,1.8074,0.645,0.7321,0.8345,0.4604
0.4904,16.859,1.8331,0.948,0.8441,0.7562,0.2987
0.4818,18.013,1.5558,0.591,0.6823,0.8239,0.6734
0.5093,15.091,1.88,0.671,0.7301,0.7699,0.6308
0.4957,18.339,1.6728,0.885,0.8149,0.7422,0.3476
0.4949,16.984,1.6711,0.919,0.8674,0.6135,0.2302
0.4677,18.576,1.6063,0.616,0.7138,0.6631,0.3862
0.4924,16.885,1.5885,0.718,0.7449,0.8212,0.5212
0.4788,14.849,1.7874,0.724,0.7457,0.668,0.3686
0.4959,14.797,1.5642,0.657,0.736,0.6651,0.4588
0.4643,14.136,1.5261,0.688,0.7645,0.793,0.3459
0.4624,14.63,1.8612,0.681,0.7203,0.8063,0.429
0.4917,16.159,1.7536,0.434,0.6334,0.6622,0.8768
0.497,15.912,1.6773,0.682,0.7394,0.7945,0.544
0.4963,16.943,1.8114,1.04,0.8992,0.625,0.2109
0.4764,14.985,1.6651,0.418,0.6323,0.6534,0.717
0.4995,16.856,1.5572,0.564,0.7059,0.8425,0.7209
0.4948,14.362,1.8524,0.584,0.6888,0.8095,0.7343
0.4629,14.533,1.7631,0.844,0.8063,0.7628,0.2734
0.4784,16.489,1.8367,0.813,0.7958,0.8235,0.357
0.4622,15.645,1.6258,1.005,0.8589,0.8221,0.2383
0.5052,16.409,1.5497,0.703,0.728,0.7725,0.614
0.4804,16.952,1.7033,0.981,0.8836,0.7356,0.2288
0.5004,15.581,1.5408,0.353,0.5862,0.7852,1.9544
0.5094,17.263,1.7448,0.655,0.7069,0.6424,0.6082
0.4752,14.808,1.8623,1.021,0.9151,0.7593,0.2024
0.5032,18.307,1.8386,0.834,0.7967,0.804,0.4381
0.4574,16.929,1.7499,1.016,0.8874,0.7123,0.1786
0.4844,14.057,1.8149,0.645,0.7032,0.7458,0.5512
0.4922,14.062,1.6875,0.756,0.7537,0.6605,0.3996
0.4995,14.336,1.538,0.984,0.8597,0.7442,0.2996
0.4749,16.24,1.6952,0.544,0.6942,0.7673,0.5401
0.4868,18.714,1.7599,0.475,0.6683,0.6579,0.626
0.4792,15.18,1.7922,0.574,0.6982,0.672,0.4835
0.4537,14.752,1.8872,0.419,0.6118,0.7488,0.7228
0.4945,16.673,1.5782,0.76,0.7923,0.7385,0.3785
0.5077,16.592,1.6847,1.018,0.8755,0.8057,0.3275
0.4772,14.942,1.6215,1.059,0.9157,0.6754,0.1827
0.4766,18.548,1.5072,0.936,0.861,0.7588,0.2483
0.4845,15.842,1.7852,0.872,0.8445,0.7781,0.291
0.4915,14.728,1.8509,0.946,0.8391,0.6261,0.2549
0.4576,17.614,1.513,0.747,0.7581,0.6053,0.2545
0.4913,14.192,1.8607,0.678,0.7275,0.8102,0.559
0.4581,15.497,1.5401,1.083,0.9421,0.6409,0.1352
0.4818,14.381,1.6099,0.531,0.6738,0.7699,0.6652
0.4562,15.267,1.8762,0.674,0.7245,0.729,0.3561
0.4982,18.717,1.7081,0.535,0.6917,0.8277,0.7644
0.5036,16.958,1.7811,0.683,0.7451,0.7578,0.5377
0.4796,14.301,1.6191,0.598,0.6864,0.8384,0.6515
0.4649,14.998,1.6485,0.377,0.5915,0.7821,1.0488
0.4928,14.536,1.679,1.021,0.89,0.733,0.2481
0.4872,14.758,1.6247,0.75,0.7882,0.7971,0.3885
0.4557,14.791,1.8442,0.591,0.6951,0.7556,0.4297
0.4936,16.822,1.7402,0.441,0.6265,0.7331,1.0581
0.4597,17.597,1.8561,0.359,0.6003,0.7318,0.8427
0.4639,17.904,1.586,0.908,0.841,0.8023,0.2525
0.4787,14.068,1.5326,1.047,0.8914,0.7163,0.2136
0.4618,17.005,1.7784,0.528,0.6643,0.7607,0.5569
0.4853,14.16,1.7449,0.768,0.7851,0.7243,0.3518
0.4911,14.321,1.7328,0.673,0.7228,0.7229,0.5115
0.4503,17.225,1.8406,0.774,0.7729,0.6807,0.2494
0.4508,14.743,1.6658,0.848,0.7973,0.8403,0.2786
0.5089,15.571,1.8894,0.397,0.6297,0.8035,1.3931
0.4977,15.732,1.8892,0.424,0.6181,0.8138,1.3479
0.505,15.1,1.5035,0.88,0.8383,0.6213,0.2864
0.4786,15.616,1.6275,0.383,0.6259,0.779,0.9258
0.4892,14.455,1.8693,0.814,0.789,0.6214,0.3077
0.4531,15.167,1.6813,0.469,0.6584,0.6332,0.4356
0.5013,17.061,1.5612,0.419,0.6369,0.6902,1.0076
0.4889,17.244,1.8818,0.396,0.6258,0.8351,1.1386
0.4703,17.525,1.5907,0.882,0.8058,0.702,0.2702
0.4673,14.846,1.891,0.754,0.7732,0.7014,0.3025
0.4906,16.371,1.5903,0.576,0.6802,0.7891,0.7225
0.4733,15.405,1.7171,0.554,0.697,0.6892,0.4687
0.5049,16.491,1.6831,0.444,0.6323,0.6861,1.0963
0.4894,18.595,1.86,1.011,0.8842,0.7355,0.2469
0.4739,14.129,1.5541,0.46,0.6372,0.617,0.6313
0.4875,15.569,1.7543,0.956,0.8385,0.6837,0.2692
0.4925,14.637,1.5703,0.373,0.6177,0.6347,0.9796
0.4512,16.677,1.5861,0.545,0.6904,0.6343,0.3527
0.4986,16.861,1.5723,0.672,0.7468,0.8283,0.5539
0.4611,14.599,1.794,0.607,0.7039,0.8077,0.4632
0.5078,18.064,1.7315,0.821,0.7862,0.6264,0.3747
0.4625,16.128,1.7262,0.448,0.6257,0.7923,0.7681
0.4978,17.6,1.7565,0.462,0.633,0.7806,1.1255
0.5027,16.452,1.5479,0.745,0.7878,0.7209,0.4077
0.4799,17.924,1.7831,0.408,0.603,0.6836,1.0175
0.4613,16.474,1.5344,0.954,0.8837,0.6671,0.1754
0.4835,16.512,1.6312,0.61,0.7269,0.8307,0.5306
0.4994,16.98,1.543,0.526,0.6777,0.7013,0.7227
0.4903,15.417,1.756,1.093,0.8974,0.7668,0.2473
0.4699,15.024,1.8192,0.876,0.8384,0.8324,0.2796
0.4883,16.727,1.5534,0.411,0.6185,0.6732,0.9742
0.4606,18.368,1.8982,1.091,0.9167,0.733,0.1713
0.4738,18.003,1.5801,0.45,0.6404,0.7724,0.7702
0.4786,16.197,1.6191,1.066,0.8952,0.7829,0.2301
0.5052,15.836,1.7169,0.391,0.624,0.6094,1.0601
0.5024,14.877,1.8658,0.798,0.7959,0.7663,0.4161
0.4858,14.188,1.7277,0.882,0.8037,0.7296,0.3273
0.4869,15.241,1.8952,1.019,0.8661,0.6827,0.2399
0.4794,14.988,1.8221,0.746,0.7608,0.7298,0.3755
0.4656,14.252,1.5211,1.077,0.9102,0.6869,0.1713
0.5086,14.463,1.7994,0.426,0.6091,0.7084,1.5228
0.4769,15.434,1.6074,0.556,0.6802,0.6969,0.5467
0.4962,14.05,1.8748,0.534,0.6565,0.8122,0.9422
0.4717,16.27,1.805,0.995,0.8728,0.6821,0.2044
0.487,17.17,1.716,1.086,0.9251,0.665,0.1896
0.4936,14.829,1.8928,0.628,0.7028,0.7108,0.5818
0.4736,15.142,1.5234,0.806,0.7921,0.7856,0.3309
0.5096,17.103,1.5805,1.01,0.8911,0.7423,0.2891
0.4588,16.296,1.892,1.045,0.8993,0.6646,0.162
0.4889,14.786,1.8849,0.479,0.6654,0.7533,0.7493
0.4709,16.271,1.7878,0.883,0.8216,0.8083,0.2929
0.4511,15.37,1.7217,1.036,0.8752,0.7441,0.1841
0.4876,17.439,1.7891,1.045,0.8737,0.7192,0.2471
0.4571,18.449,1.7801,0.975,0.8797,0.7443,0.1912
0.507,16.583,1.8035,0.786,0.7829,0.745,0.4495
0.4965,16.816,1.5649,0.566,0.6818,0.7697,0.746
0.4908,17.486,1.5774,0.393,0.5956,0.698,1.3217
0.4668,14.002,1.7385,1.079,0.8958,0.7833,0.2074
0.4922,17.98,1.7439,1.057,0.8925,0.71,0.2369
0.4936,15.168,1.6054,0.351,0.6098,0.6411,1.0884
0.4509,14.622,1.6655,0.634,0.7121,0.6048,0.2981
0.4983,17.833,1.7335,0.93,0.8515,0.6166,0.2536
0.4713,14.21,1.5071,0.565,0.6804,0.6584,0.4844
0.4951,18.709,1.7674,0.403,0.6019,0.6887,1.2999
0.5002,17.048,1.7799,0.477,0.6313,0.7948,1.203
0.5017,16.09,1.7262,0.812,0.7739,0.7738,0.4638
0.4964,16.73,1.5856,0.6,0.7178,0.6686,0.5146
0.4503,14.481,1.6698,0.911,0.8613,0.6349,0.1638
0.4916,18.554,1.5698,0.354,0.5931,0.6494,1.2814
0.4882,14.542,1.8504,0.951,0.8569,0.6904,0.2544
0.5071,14.248,1.6028,0.903,0.8424,0.8202,0.3787
0.4704,15.113,1.8999,0.86,0.7968,0.8323,0.3331
0.4559,15.102,1.5658,0.817,0.797,0.7945,0.277
0.4815,15.228,1.5437,0.955,0.8525,0.7606,0.2684
0.499,15.687,1.8483,1.048,0.8792,0.7125,0.265
0.4626,14.183,1.6888,1.024,0.8746,0.6477,0.1779
0.4673,16.882,1.8168,0.415,0.6388,0.6945,0.6474
0.5017,15.723,1.5246,0.402,0.6236,0.6432,1.0676
0.4951,18.691,1.6102,1.056,0.9142,0.6909,0.2188
0.4626,17.384,1.8314,1.068,0.8831,0.8495,0.2265
0.4716,15.754,1.645,0.968,0.8824,0.7193,0.208
0.477,15.35,1.5827,0.367,0.6064,0.7035,0.9733
0.4679,14.612,1.754,0.59,0.6856,0.7958,0.5459
0.4956,15.14,1.5046,0.462,0.6462,0.6634,0.8301
0.4996,15.725,1.512,0.744,0.7798,0.6586,0.3759
0.459,15.879,1.6578,0.594,0.7111,0.719,0.3878
0.4817,18.34,1.8313,0.7,0.7305,0.7624,0.4687
0.4702,18.51,1.6589,0.508,0.6563,0.6447,0.5488
0.4544,18.628,1.6503,0.424,0.6234,0.6763,0.6019
0.4534,18.983,1.7222,0.999,0.8959,0.8499,0.1998
0.4757,15.472,1.654,1.075,0.9384,0.8133,0.2016
0.4675,17.222,1.803,0.629,0.7288,0.749,0.4018
0.4629,18.75,1.8223,0.842,0.805,0.8091,0.2915
0.485,14.767,1.7345,0.651,0.7246,0.8368,0.5498
0.4811,18.018,1.8271,0.405,0.6228,0.6633,0.8373
0.4904,14.683,1.5915,0.385,0.6119,0.7908,1.2539
0.4593,15.932,1.6681,0.617,0.72,0.74,0.3821
0.4511,16.24,1.8405,0.892,0.8492,0.6998,0.19
0.5079,16.246,1.7283,0.361,0.5982,0.6833,1.658
0.4991,15.702,1.6906,0.791,0.7762,0.6509,0.3761
0.4937,15.232,1.8276,0.722,0.7661,0.7087,0.4087
0.4853,18.13,1.7526,0.615,0.7233,0.7387,0.4903
0.4997,16.081,1.6925,0.9,0.8496,0.6028,0.2529
0.4598,15.326,1.8616,0.959,0.8804,0.8286,0.2175
0.5093,15.816,1.8379,1.062,0.8842,0.8334,0.3322
0.4947,16.127,1.8022,0.7,0.7359,0.6498,0.4431
0.5009,17.23,1.8892,0.626,0.7192,0.7259,0.5808
0.4531,18.08,1.821,0.864,0.8171,0.6487,0.203
0.4903,17.627,1.545,0.873,0.8172,0.8198,0.3615
0.46,17.638,1.869,0.635,0.7244,0.8425,0.4281
0.4993,15.019,1.7093,0.635,0.7314,0.8411,0.6168
0.4969,17.441,1.5085,0.617,0.7144,0.8083,0.6381
0.4838,16.905,1.8963,0.818,0.8176,0.7467,0.3098
0.464,16.521,1.6291,0.719,0.7477,0.6454,0.3038
0.4586,16.277,1.7072,0.356,0.5797,0.7467,1.0268
0.4689,16.788,1.7307,0.972,0.8729,0.6973,0.2038
0.4524,18.229,1.6385,0.442,0.6233,0.7005,0.6093
0.4587,14.578,1.8785,0.375,0.604,0.8386,0.9231
0.4661,14.652,1.8184,0.952,0.8355,0.848,0.2783
0.452,16.546,1.7129,0.418,0.6072,0.6837,0.6701
0.4855,18.014,1.5019,0.649,0.7063,0.6838,0.5017
0.4987,15.3,1.6381,0.827,0.7985,0.7685,0.3981
0.4556,18.395,1.7287,1.032,0.9033,0.8073,0.1889
0.5076,15.682,1.5938,0.87,0.8376,0.6994,0.331
0.4534,18.531,1.5998,0.562,0.6773,0.6617,0.4068
0.4992,17.513,1.8824,0.62,0.7145,0.7693,0.622
0.4571,14.233,1.782,1.069,0.8879,0.6578,0.1642
0.4759,14.748,1.5415,0.39,0.6124,0.7262,0.9364
0.4588,14.03,1.6935,0.573,0.6753,0.8277,0.547
0.4916,16.717,1.5291,0.362,0.5947,0.6879,1.3333
0.4874,17.196,1.5943,0.617,0.7238,0.6584,0.4454
0.4686,17.835,1.8768,1.025,0.9011,0.8465,0.2235
0.4842,14.635,1.5415,0.658,0.716,0.7863,0.5376
0.4664,17.671,1.5416,1.006,0.8969,0.6905,0.1814
0.498,15.334,1.7024,0.531,0.6563,0.6792,0.8076
0.4969,17.399,1.8244,0.464,0.6497,0.8294,1.0247
0.4672,14.007,1.6798,0.768,0.769,0.6216,0.2733
0.4701,15.365,1.7072,0.37,0.5854,0.8079,1.2425
0.4764,16.104,1.8846,0.722,0.7534,0.7697,0.3986
0.4696,18.982,1.6473,0.462,0.6356,0.8192,0.804
0.4524,16.836,1.7214,0.361,0.5851,0.7623,0.9086
0.4693,14.516,1.8772,0.539,0.6786,0.806,0.5861
0.4888,16.527,1.7591,0.759,0.7531,0.7864,0.4613
0.5024,17.461,1.8397,0.899,0.851,0.7647,0.3268
0.4503,17.856,1.5296,0.962,0.8738,0.7823,0.1931
0.5017,16.07,1.6015,0.966,0.8455,0.8121,0.3526
0.5017,14.185,1.7385,0.983,0.8632,0.8072,0.3267
0.4939,16.701,1.8379,0.968,0.8477,0.8082,0.3246
0.4714,17.32,1.6353,0.473,0.6484,0.8076,0.7374
0.4712,18.113,1.6695,0.528,0.6835,0.6687,0.4822
0.4906,14.956,1.663,0.567,0.6928,0.6165,0.52
0.4742,16.692,1.726,0.516,0.6676,0.7372,0.6093
0.508,17.439,1.6094,0.683,0.7324,0.7315,0.5835
0.4549,18.886,1.8175,1.094,0.901,0.8471,0.1983
0.4526,18.096,1.8537,0.825,0.8247,0.7504,0.2267
0.4942,18.603,1.5048,0.378,0.6052,0.6841,1.2297
0.4886,18.009,1.6738,0.888,0.8546,0.6943,0.2588
0.4604,17.818,1.5388,0.606,0.7026,0.6872,0.3941
0.4943,14.704,1.5706,0.689,0.731,0.7131,0.4976
0.5012,16.719,1.778,0.724,0.7631,0.6568,0.4137
0.5044,14.747,1.6877,0.713,0.7521,0.7416,0.511
0.5081,15.877,1.8215,0.4,0.6214,0.6185,1.1516
0.4769,15.958,1.665,0.892,0.8516,0.7483,0.2544
0.506,18.545,1.7552,0.804,0.8012,0.7004,0.3835
0.4637,16.533,1.8866,0.441,0.6289,0.6639,0.6372
0.4906,14.171,1.699,0.934,0.8321,0.7502,0.3119
0.4688,18.539,1.7028,0.531,0.6622,0.7062,0.5684
0.4799,16.903,1.7529,0.664,0.7505,0.6906,0.3759
0.5084,17.051,1.5616,0.465,0.6356,0.7476,1.2148
0.4714,15.539,1.8655,0.615,0.7248,0.7973,0.4549
0.4946,18.938,1.516,0.669,0.7276,0.6928,0.4942
0.473,18.102,1.8305,0.512,0.6631,0.6121,0.5138
0.4858,15.725,1.5219,1.097,0.9164,0.8302,0.2411
0.4577,18.54,1.5943,1.098,0.9067,0.7811,0.1839
0.4757,14.529,1.7025,0.471,0.6549,0.7897,0.7242
0.4848,16.444,1.6607,0.454,0.6378,0.7566,0.8838
0.4553,18.992,1.8732,0.515,0.6707,0.7839,0.5121
0.4966,18.299,1.7801,0.819,0.7962,0.6635,0.3407
0.4525,14.356,1.5048,0.414,0.6301,0.618,0.5119
0.4589,16.904,1.7858,0.91,0.8155,0.6421,0.2134
0.4702,14.184,1.5879,0.458,0.6314,0.8264,0.8441
0.5045,18.928,1.5968,0.53,0.6587,0.7224,0.913
0.5017,15.839,1.6663,0.991,0.8508,0.7524,0.32
0.4831,15.727,1.8212,0.796,0.8081,0.7442,0.3197
0.5009,18.234,1.8328,0.72,0.7554,0.7226,0.4723
0.5023,15.676,1.7974,0.372,0.6155,0.6322,1.1507
0.4679,14.241,1.644,0.429,0.6394,0.761,0.7108
0.5057,15.058,1.8983,1.047,0.8921,0.7319,0.2746
0.4848,15.177,1.6977,0.475,0.6572,0.644,0.6475
0.5076,16.834,1.8729,0.383,0.5957,0.6035,1.505
0.4541,17.427,1.633,0.938,0.8417,0.7082,0.2033
0.495,14.469,1.6945,0.464,0.6426,0.6878,0.88
0.5024,18.556,1.8283,0.619,0.6931,0.8114,0.7791
0.4963,18.674,1.834,0.379,0.5957,0.7342,1.5155
0.4671,17.394,1.5924,0.497,0.6392,0.6606,0.6122
0.4869,14.374,1.5425,0.527,0.6714,0.7073,0.6586
0.4759,15.461,1.6465,0.568,0.6947,0.6349,0.4502
0.4634,16.77,1.8723,1.042,0.8944,0.8464,0.2185
0.5065,14.249,1.6074,0.739,0.7583,0.6585,0.4482
0.5066,17.787,1.5647,1.07,0.912,0.8443,0.2969
0.4853,16.9,1.7246,0.711,0.7591,0.6162,0.3388
0.4865,18.828,1.8234,0.478,0.6333,0.8372,1.0363
0.4637,14.998,1.7721,1.097,0.9462,0.7626,0.1665
0.47,18.566,1.8191,0.852,0.801,0.7477,0.2927
0.5013,15.939,1.8214,1.012,0.8835,0.6189,0.2309
0.4608,18.272,1.6969,0.528,0.6914,0.6452,0.3959
0.4617,17.227,1.5708,0.892,0.8215,0.6061,0.2019
0.4863,17.46,1.5825,0.438,0.6265,0.6357,0.8328
0.5021,17.448,1.7706,0.778,0.7603,0.8327,0.5373
0.4843,18.34,1.7332,0.998,0.8599,0.7423,0.261
0.4559,15.097,1.6857,0.745,0.7474,0.6276,0.2729
0.4634,15.319,1.5048,0.491,0.6532,0.7646,0.6134
0.4515,17.306,1.5176,0.638,0.7051,0.7776,0.4001
0.4611,16.189,1.6107,0.414,0.6197,0.7646,0.7633
0.505,17.563,1.7752,0.566,0.676,0.7629,0.8494
0.4518,17.025,1.7456,0.675,0.7274,0.8175,0.376
0.4644,17.783,1.6238,0.737,0.7673,0.6554,0.2825
0.4684,18.869,1.7177,0.38,0.6105,0.6994,0.8283
0.4654,18.029,1.5317,0.493,0.6635,0.6001,0.46
0.4596,17.632,1.8967,0.696,0.7243,0.6617,0.335
0.4562,14.591,1.5,0.652,0.7367,0.795,0.3654
0.4523,16.425,1.6222,0.844,0.8004,0.8179,0.2717
0.4553,16.036,1.5264,0.716,0.7358,0.7019,0.321
0.4775,17.885,1.8449,0.894,0.837,0.7668,0.2775
0.5015,17.574,1.7912,0.859,0.8078,0.7404,0.3774
0.4768,17.31,1.8005,0.726,0.748,0.7177,0.3836
0.483,17.019,1.6973,0.963,0.8874,0.7982,0.2507
0.5002,14.783,1.8899,0.512,0.65,0.8129,1.0449
0.4874,17.579,1.8636,0.824,0.8136,0.6329,0.276
0.4727,18.65,1.718,0.577,0.6922,0.8045,0.5594
0.497,17.274,1.5914,0.69,0.7566,0.8097,0.5062
0.459,16.453,1.8395,0.728,0.7739,0.7104,0.2819
0.5015,14.516,1.861,0.672,0.7466,0.7886,0.5435
0.4671,14.257,1.6115,0.378,0.6102,0.7257,0.8471
0.474,18.309,1.8784,0.77,0.7626,0.6455,0.3125
0.4599,16.575,1.5645,0.351,0.6025,0.7831,0.8871
0.4714,15.911,1.5529,0.461,0.6467,0.8036,0.742
0.4582,17.818,1.6033,0.73,0.7442,0.7192,0.3251
0.4868,14.226,1.5105,0.664,0.751,0.8165,0.4747
0.4853,16.459,1.7262,0.778,0.7816,0.7375,0.3639
0.4672,16.995,1.5356,0.738,0.7537,0.6525,0.308
0.4918,18.259,1.7097,0.73,0.7394,0.8312,0.5403
0.4974,16.369,1.6658,0.842,0.8158,0.7029,0.3329
0.4728,17.418,1.5079,1.003,0.8901,0.6854,0.195
0.4819,16.89,1.8832,0.578,0.6896,0.6449,0.504
0.4605,15.396,1.7572,0.992,0.862,0.8093,0.2283
0.4529,16.277,1.7792,0.514,0.6746,0.7957,0.4939
0.4865,14.641,1.6061,0.465,0.6333,0.7554,0.9351
0.4946,14.774,1.6205,0.892,0.8145,0.809,0.3757
0.4856,14.11,1.8211,0.508,0.6481,0.8425,0.9164
0.5044,16.059,1.791,0.775,0.7742,0.6953,0.4269
0.4967,17.407,1.5254,0.806,0.8173,0.6934,0.3243
0.4973,18.467,1.5777,0.881,0.8154,0.8155,0.3867
0.455,16.463,1.6768,0.508,0.6737,0.6128,0.3918
0.4892,17.942,1.766,1.054,0.9238,0.7915,0.2308
0.4948,15.429,1.8474,0.788,0.8083,0.6937,0.3315
0.488,15.604,1.5746,0.752,0.7519,0.8088,0.4739
0.5075,18.98,1.572,0.423,0.608,0.6403,1.3693
0.4878,16.213,1.7597,0.536,0.6843,0.7069,0.6103
0.4531,17.38,1.6428,1.061,0.9148,0.8192,0.1805
0.4714,14.23,1.5163,0.918,0.8195,0.629,0.2309
0.5005,18.118,1.6538,0.516,0.6622,0.8021,0.9383
0.4659,15.477,1.8077,0.366,0.5858,0.842,1.2118
0.4997,14.622,1.8501,0.938,0.8411,0.8352,0.3629
0.4504,16.012,1.8538,0.509,0.6706,0.7028,0.4349
0.4521,15.559,1.708,1.032,0.8811,0.7656,0.1871
0.5033,15.885,1.6573,0.499,0.6512,0.6722,0.8898
0.5021,17.623,1.6246,1.011,0.8769,0.6208,0.2391
0.4708,18.817,1.7241,1.025,0.8654,0.7659,0.2342
0.4725,16.328,1.7171,0.42,0.6279,0.609,0.6584
0.4576,16.361,1.7215,0.968,0.8611,0.8477,0.2338
0.482,14.1,1.6288,0.532,0.6647,0.6943,0.64
0.4672,17.99,1.6584,0.945,0.8596,0.7586,0.2294
0.4928,16.641,1.5507,1.043,0.9001,0.6293,0.2055
0.4883,16.444,1.7667,1.001,0.878,0.7289,0.2481
0.4585,16.798,1.5039,0.724,0.764,0.7756,0.3204
0.5062,15.912,1.8738,0.97,0.8848,0.7423,0.2874
0.4906,16.558,1.8674,0.654,0.7465,0.6223,0.3845
0.4776,17.773,1.5994,1.092,0.9191,0.8467,0.2274
0.4782,15.612,1.7442,0.89,0.8332,0.6989,0.2583
0.4709,16.477,1.6711,0.484,0.6589,0.7161,0.6037
0.5047,14.027,1.8939,1.02,0.8968,0.7681,0.2809
0.4813,16.922,1.7153,0.401,0.6118,0.8302,1.1589
0.4602,16.154,1.5995,0.74,0.758,0.8072,0.3484
0.4564,17.291,1.528,0.616,0.7074,0.769,0.4115
0.5086,15.986,1.7285,0.543,0.677,0.6075,0.7009
0.4562,14.969,1.8435,0.645,0.7259,0.7258,0.3518
0.4711,15.796,1.7322,0.652,0.7059,0.8037,0.5072
0.4978,15.091,1.8496,0.481,0.6585,0.6551,0.763
0.481,17.659,1.7837,0.465,0.6611,0.7894,0.7378
0.4857,14.318,1.7207,0.754,0.7936,0.7211,0.3381
0.4771,16.803,1.538,0.993,0.9001,0.684,0.1951
0.4733,18.707,1.6544,0.832,0.8043,0.7364,0.2933
0.505,14.006,1.5481,0.879,0.8353,0.6986,0.326
0.4831,14.67,1.5115,0.771,0.7967,0.7009,0.3163
0.4701,16.86,1.8222,0.646,0.7255,0.6403,0.3589
0.4708,14.663,1.8448,1.082,0.9237,0.8056,0.2009
0.4833,18.322,1.6237,0.746,0.7753,0.6583,0.3284
0.456,16.252,1.7995,0.53,0.6587,0.687,0.4881
0.5029,17.181,1.5659,0.596,0.686,0.8175,0.8275
0.4803,15.782,1.7991,0.999,0.866,0.6196,0.2055
0.5002,17.844,1.5248,0.53,0.6608,0.7262,0.8568
0.4749,15.223,1.7985,0.801,0.8023,0.8376,0.3417
0.4714,14.509,1.5611,1.09,0.9254,0.6593,0.1643
0.5011,18.681,1.7784,0.588,0.6847,0.7392,0.7395
0.457,14.696,1.8176,1.055,0.9111,0.6837,0.1578
0.4752,18.92,1.6637,0.829,0.7998,0.6686,0.2763
0.4515,16.045,1.5693,1.072,0.9301,0.774,0.1601
0.4652,18.181,1.8286,0.357,0.6053,0.7339,0.8712
0.5043,18.753,1.7294,0.418,0.6174,0.8375,1.5395
0.4916,15.333,1.7864,0.92,0.8625,0.8432,0.3132
0.4933,17.055,1.8281,0.416,0.636,0.7831,1.0354
0.4968,18.419,1.8711,0.613,0.6907,0.8423,0.7708
0.47,15.732,1.6388,0.649,0.727,0.83,0.4612
0.4931,15.972,1.8468,0.629,0.6992,0.7145,0.5941
0.45,14.341,1.5748,0.581,0.6848,0.6584,0.3733
0.4804,18.661,1.7261,0.809,0.7728,0.818,0.4012
0.4878,16.922,1.8605,0.872,0.8214,0.7569,0.3206
0.5024,18.115,1.5924,1.098,0.9059,0.8106,0.2813
0.4701,16.463,1.866,0.872,0.8333,0.776,0.2663
0.48,16.663,1.5462,0.659,0.7462,0.7579,0.422
0.4958,18.639,1.6331,0.92,0.8642,0.7823,0.2994
0.5071,14.647,1.6503,0.75,0.776,0.7357,0.46
0.498,15.805,1.5366,0.871,0.812,0.7476,0.362
0.4733,15.136,1.5293,0.687,0.7304,0.6933,0.3915
0.4721,15.338,1.8342,0.394,0.5989,0.729,1.0098
0.4698,15.129,1.7449,0.454,0.6357,0.845,0.8301
0.4874,18.544,1.8042,0.448,0.63,0.6504,0.8381
0.4615,15.604,1.8856,0.64,0.7208,0.6887,0.3622
0.4796,14.379,1.5516,0.597,0.7081,0.66,0.4498
0.4556,18.434,1.7683,0.479,0.6319,0.7484,0.6352
0.486,15.185,1.5388,0.896,0.8252,0.6983,0.2863
0.4551,18.202,1.7805,0.439,0.6229,0.725,0.6537
0.4877,14.305,1.6108,0.411,0.6349,0.8302,1.0301
0.45,17.535,1.5251,0.733,0.7419,0.669,0.2815
0.4988,15.881,1.5334,1.06,0.933,0.7883,0.2414
0.5026,16.132,1.7425,1.001,0.8778,0.6038,0.2329
0.4718,14.879,1.7388,0.513,0.6723,0.8427,0.6566
0.4655,18.339,1.783,0.698,0.7307,0.8319,0.433
0.4783,15.921,1.6729,0.648,0.7171,0.7128,0.4554
0.4606,17.68,1.5609,0.371,0.6182,0.6021,0.6039
0.4962,14.691,1.8865,0.697,0.7562,0.784,0.4873
0.4643,16.053,1.5839,0.919,0.8573,0.6781,0.2015
0.4734,15.195,1.6125,0.899,0.845,0.653,0.2205
0.4882,17.019,1.7746,0.388,0.602,0.6149,1.0442
0.4624,16.656,1.8746,0.434,0.6222,0.6143,0.6103
0.4564,14.726,1.6265,0.985,0.8856,0.6529,0.1634
0.4636,14.338,1.8201,0.616,0.6928,0.7298,0.458
0.482,14.352,1.6113,1.01,0.8794,0.7205,0.2309
0.4702,15.612,1.8239,0.451,0.6216,0.8475,0.9358
0.5062,16.418,1.7004,0.364,0.5979,0.6054,1.4323
0.4896,16.338,1.7478,0.783,0.8019,0.6724,0.315
0.4862,15.899,1.8453,0.851,0.8203,0.7159,0.3002
0.4898,16.627,1.7766,0.67,0.7519,0.8113,0.4839
0.4829,15.289,1.8007,0.69,0.7603,0.625,0.3336
0.471,18.521,1.6393,0.792,0.7836,0.7094,0.3027
0.5032,14.808,1.8594,0.935,0.8586,0.621,0.2594
0.4964,15.544,1.7635,0.604,0.6907,0.8145,0.7419
0.4606,14.161,1.7575,0.805,0.7933,0.8164,0.3022
0.4796,14.05,1.6856,0.653,0.7288,0.7488,0.4548
0.4586,14.403,1.8758,0.464,0.6414,0.7489,0.6162
0.4668,18.07,1.7424,0.768,0.7875,0.6336,0.2553
0.4695,14.724,1.8245,0.887,0.8122,0.6728,0.2501
0.4725,14.78,1.5624,1.063,0.9204,0.7497,0.1918
0.5053,16.064,1.8439,1.084,0.89,0.7557,0.2847
0.4577,18.348,1.8056,0.753,0.7914,0.6771,0.246
0.4911,15.603,1.5713,0.994,0.8558,0.8162,0.3099
0.5091,17.522,1.6815,1.059,0.8896,0.8188,0.3191
0.4666,16.918,1.5311,0.491,0.6547,0.6883,0.5683
0.506,14.004,1.8241,0.757,0.7743,0.6353,0.3963
0.4991,15.47,1.5841,0.38,0.6215,0.848,1.3866
0.4912,16.852,1.8026,0.363,0.5897,0.6174,1.2589
0.4653,18.134,1.7251,0.623,0.729,0.6487,0.34
0.5014,18.725,1.773,0.923,0.8284,0.7726,0.3596
0.4686,14.821,1.5947,0.813,0.7992,0.6546,0.2549
0.5063,14.468,1.8072,0.747,0.7742,0.7206,0.4508
0.4567,18.496,1.7495,0.568,0.6948,0.8011,0.4614
0.4574,14.857,1.767,1.085,0.9116,0.6569,0.1518
0.4674,15.57,1.8554,1.025,0.8705,0.839,0.244
0.5075,18.093,1.6465,1.001,0.854,0.6951,0.3069
0.4515,16.144,1.7609,0.786,0.7882,0.6548,0.227
0.5088,16.255,1.5403,0.551,0.6637,0.7763,0.9941
0.4871,14.183,1.601,0.627,0.7141,0.7869,0.5609
0.4677,17.309,1.7535,0.351,0.5862,0.6545,0.9643
0.462,14.791,1.6823,0.66,0.7176,0.8191,0.4406
0.4714,16.728,1.5816,0.826,0.7883,0.7873,0.3301
0.4557,18.224,1.5093,0.862,0.7983,0.6797,0.2351
0.486,16.278,1.6928,0.876,0.8146,0.7577,0.325
0.4603,14.59,1.762,0.747,0.7592,0.7572,0.3255
0.4543,18.341,1.7909,0.373,0.5953,0.7157,0.7995
0.4724,14.127,1.5625,0.553,0.6892,0.7022,0.4953
0.4719,18.631,1.5036,0.981,0.8746,0.8254,0.2463
0.4547,16.914,1.8982,0.53,0.6849,0.6087,0.363
0.4771,16.687,1.509,0.668,0.7189,0.7066,0.4416
0.5045,17.14,1.6101,0.936,0.8273,0.6818,0.3279
0.4742,15.575,1.7095,0.877,0.8286,0.8132,0.2953
0.4834,16.857,1.5267,0.846,0.8168,0.7841,0.3253
0.4988,17.499,1.5985,0.72,0.7435,0.7843,0.5352
0.5017,16.567,1.7602,0.774,0.7647,0.7727,0.485
0.4859,14.226,1.6301,1.041,0.876,0.649,0.2178
0.5078,17.87,1.8092,0.739,0.7734,0.678,0.4321
0.4851,15.697,1.7024,1.077,0.9072,0.6155,0.1835
0.4687,16.068,1.5488,0.808,0.8057,0.6682,0.2533
0.4524,16.339,1.7424,0.366,0.6111,0.6336,0.6046
0.4569,14.605,1.6676,0.638,0.7188,0.6923,0.3507
0.4827,15.068,1.6645,0.444,0.6274,0.6597,0.8168
0.4876,15.287,1.5543,0.406,0.6045,0.6123,1.0045
0.4825,18.825,1.6042,0.418,0.6308,0.7813,0.9382
0.4986,14.812,1.858,0.752,0.7608,0.6154,0.3824
0.4588,14.671,1.8832,0.356,0.6013,0.7119,0.803
0.4647,18.856,1.6752,0.686,0.734,0.7861,0.3992
0.495,15.549,1.8885,0.732,0.7442,0.8146,0.5328
0.4645,15.398,1.5766,0.506,0.6528,0.8015,0.6533
0.5091,14.535,1.8123,0.865,0.808,0.7996,0.4371
0.5044,16.744,1.6151,0.359,0.6043,0.613,1.3029
0.4544,18.963,1.5963,0.56,0.6804,0.7956,0.4852
0.4782,17.657,1.8957,0.586,0.7062,0.8066,0.5481
0.5022,15.631,1.8025,0.485,0.6712,0.6547,0.7309
0.5076,14.926,1.7165,0.387,0.5954,0.611,1.5292
0.4735,17.082,1.7228,0.526,0.66,0.84,0.7242
0.4652,16.282,1.5683,0.655,0.7231,0.7987,0.431
0.4909,14.642,1.7314,0.586,0.6827,0.7581,0.6853
0.5011,15.41,1.7123,0.761,0.7609,0.6793,0.4326
0.4651,14.428,1.5734,1.086,0.924,0.7984,0.1894
0.4802,18.28,1.6739,0.412,0.6258,0.6851,0.8321
0.4973,17.487,1.7571,0.573,0.677,0.6364,0.6435
0.5042,18.462,1.5741,0.989,0.8841,0.7483,0.2856
0.4956,15.805,1.6634,0.465,0.6312,0.667,0.9487
0.4826,14.846,1.5505,0.723,0.7414,0.724,0.4241
0.4926,16.296,1.6431,0.586,0.6965,0.8054,0.6779
0.4663,15.711,1.8926,0.962,0.857,0.6221,0.1884
0.4583,17.316,1.7381,1.087,0.9045,0.6183,0.1475
0.4546,16.054,1.6959,0.353,0.6015,0.7605,0.8088
0.4798,17.864,1.8213,0.442,0.6309,0.6877,0.7965
0.5006,14.87,1.6445,0.684,0.7504,0.783,0.5238
0.494,16.046,1.7177,0.658,0.7233,0.7018,0.5103
0.4808,16.635,1.5153,0.972,0.8647,0.7427,0.2488
0.4789,18.808,1.7046,0.813,0.7932,0.6496,0.2862
0.4777,15.517,1.8456,0.643,0.7385,0.8323,0.4713
0.4533,14.393,1.7242,0.78,0.8005,0.7203,0.2415
0.4514,15.426,1.5957,0.435,0.6354,0.8051,0.6331
0.5041,16.372,1.6567,0.975,0.872,0.754,0.3011
0.4867,15.49,1.514,0.475,0.6501,0.7475,0.8118
0.4683,14.981,1.776,0.486,0.6377,0.7785,0.7398
0.4701,16.545,1.6811,0.811,0.8174,0.8405,0.3077
0.4817,18.847,1.7092,1.095,0.8965,0.7385,0.2219
0.4851,15.325,1.6795,0.79,0.7851,0.809,0.3923
0.4566,14.127,1.776,1.013,0.8773,0.771,0.1989
0.452,14.362,1.8817,0.625,0.7037,0.7118,0.371
0.4738,17.356,1.6083,0.467,0.6548,0.6901,0.6195
0.4937,18.52,1.5063,0.35,0.6102,0.8036,1.3604
0.4604,17.175,1.5181,0.675,0.7327,0.754,0.3688
0.4918,16.881,1.7427,1.042,0.9096,0.6381,0.1997
0.5049,18.547,1.5774,0.475,0.6343,0.6214,0.9738
0.4897,14.626,1.7622,0.886,0.8185,0.6789,0.2963
0.4922,15.598,1.567,0.517,0.6579,0.728,0.7961
0.4957,18.242,1.6453,0.959,0.8537,0.7084,0.2824
0.4625,18.742,1.837,0.728,0.7624,0.6709,0.2902
0.4534,17.357,1.7529,0.63,0.7365,0.7604,0.3399
0.4629,18.963,1.7718,0.406,0.633,0.8119,0.7476
0.4778,14.527,1.7627,1.032,0.8961,0.7245,0.2109
0.4665,18.538,1.7856,0.646,0.7208,0.7028,0.3891
0.497,17.125,1.8785,0.476,0.65,0.7218,0.8913
0.4809,17.861,1.5682,1.093,0.9261,0.6927,0.1869
0.5074,16.625,1.7829,0.67,0.7338,0.8245,0.6483
0.4664,14.553,1.8688,0.798,0.8054,0.6333,0.2354
0.4894,14.509,1.7024,0.53,0.6609,0.8296,0.8581
0.455,18.393,1.6207,1.095,0.8994,0.6181,0.1457
0.4606,15.578,1.5348,0.805,0.7863,0.7464,0.2847
0.4503,16.507,1.5174,0.49,0.6397,0.6908,0.5207
0.4504,17.642,1.6383,1.084,0.9425,0.6988,0.1376
0.4638,15.699,1.7899,0.44,0.6177,0.7741,0.8124
0.4795,15.6,1.6687,1.022,0.9061,0.6009,0.1714
0.5035,16.885,1.697,0.823,0.8165,0.7257,0.3626
0.4576,15.044,1.5234,0.644,0.7086,0.7836,0.4221
0.5072,17.091,1.6433,0.805,0.7811,0.7679,0.4685
0.4693,16.759,1.6096,0.378,0.6216,0.6349,0.6932
0.4506,15.693,1.6894,0.682,0.7198,0.736,0.3473
0.4732,18.315,1.6922,1.075,0.9238,0.6208,0.158
0.4619,16.498,1.6221,0.721,0.7683,0.7926,0.3318
0.4599,18.296,1.6614,0.774,0.7719,0.6446,0.2602
0.4953,14.919,1.7308,1.066,0.895,0.6809,0.2312
0.4692,18.738,1.6901,0.42,0.6221,0.6322,0.6867
0.4774,17.627,1.5273,0.403,0.6286,0.6608,0.7563
0.4646,17.684,1.5862,0.436,0.633,0.8145,0.7668
0.4579,15.45,1.8486,0.999,0.8615,0.6774,0.1871
0.4654,16.32,1.8888,0.841,0.7952,0.7413,0.2849
0.4695,17.357,1.5649,1.059,0.8941,0.7152,0.1949
0.4524,16.56,1.5906,0.793,0.7974,0.6041,0.2034
0.4665,18.165,1.619,1.016,0.8625,0.8284,0.2462
0.4973,18.292,1.8827,0.878,0.8308,0.7125,0.3162
0.493,17.751,1.5859,0.796,0.782,0.6063,0.3215
0.5011,18.79,1.5134,0.565,0.6942,0.6785,0.6365
0.4923,18.577,1.5136,1.044,0.8821,0.742,0.2576
0.4578,15.543,1.5521,0.582,0.6801,0.8465,0.5374
0.4968,16.963,1.652,0.928,0.8347,0.8306,0.3611
0.4972,16.802,1.7914,0.392,0.6078,0.7265,1.3286
0.4804,15.565,1.8279,0.597,0.7029,0.606,0.4298
0.4537,15.647,1.7774,0.876,0.8012,0.7023,0.2354
0.4808,18.138,1.7789,0.732,0.756,0.8332,0.4454
0.4556,17.978,1.5566,0.458,0.6263,0.7057,0.6243
0.4944,16.354,1.5197,0.415,0.6289,0.7026,1.0034
0.497,15.217,1.8369,1.053,0.9138,0.639,0.2059
0.4661,18.865,1.8037,0.426,0.6148,0.6368,0.7054
0.486,16.481,1.6143,0.735,0.7538,0.6016,0.3419
0.455,17.309,1.741,0.645,0.7064,0.6041,0.3207
0.4898,16.927,1.8473,0.706,0.7661,0.8014,0.4449
0.4887,15.483,1.5309,0.384,0.6253,0.8105,1.1077
0.478,14.387,1.5651,0.529,0.6804,0.7414,0.5875
0.4509,18.629,1.7581,0.548,0.6819,0.7433,0.4326
0.469,18.06,1.8469,0.925,0.8468,0.6775,0.2186
0.4893,16.885,1.6369,0.882,0.8324,0.6893,0.2827
0.4739,15.941,1.5383,0.735,0.7774,0.6934,0.3128
0.5083,17.17,1.8044,1.061,0.9276,0.6536,0.2206
0.4524,16.245,1.6837,0.798,0.8088,0.8227,0.2642
0.4692,17.602,1.6778,0.764,0.7553,0.611,0.2921
0.4553,18.953,1.6112,0.66,0.7415,0.7734,0.3439
0.4974,16.934,1.7982,0.724,0.7397,0.7343,0.5039
0.4649,15.211,1.5676,0.578,0.7057,0.6818,0.4033
0.4645,14.112,1.6442,0.38,0.6041,0.6325,0.7517
0.4999,16.668,1.5001,0.925,0.8394,0.6942,0.3042
0.506,15.026,1.6948,0.637,0.7303,0.6051,0.4783
0.4986,18.804,1.715,1.061,0.8847,0.6404,0.2324
0.5049,16.503,1.8647,0.509,0.6497,0.7897,1.0804
0.508,18.759,1.6279,0.689,0.7273,0.6974,0.5732
0.5084,17.656,1.5969,0.848,0.8084,0.6701,0.3631
0.5029,14.017,1.5981,0.683,0.7446,0.6348,0.4487
0.4586,14.046,1.8233,0.882,0.83,0.636,0.1991
0.476,18.437,1.8576,0.752,0.7697,0.6973,0.3326
0.5027,18.468,1.6166,1.021,0.8979,0.6862,0.2456
0.4769,15.578,1.5426,0.783,0.788,0.6831,0.3024
0.5094,15.911,1.7219,0.863,0.8419,0.6356,0.3001
0.4953,16.384,1.752,0.79,0.8031,0.62,0.3048
0.4739,15.233,1.6936,0.577,0.6759,0.6571,0.5121
0.5093,16.141,1.787,0.452,0.6465,0.7011,1.0436
0.4966,14.556,1.6971,0.769,0.7747,0.8266,0.4699
0.4507,15.654,1.6079,0.846,0.802,0.6634,0.2156
0.4865,17.693,1.6263,0.571,0.6764,0.7629,0.6838
0.4891,17.365,1.6102,0.984,0.8831,0.7075,0.238
0.496,18.368,1.8936,0.651,0.7258,0.7569,0.554
0.4702,17.098,1.7654,0.364,0.5964,0.7375,1.0195
0.4976,18.69,1.8303,0.939,0.8397,0.6722,0.2884
0.4502,16.242,1.8923,0.531,0.6741,0.695,0.4203
0.4701,16.939,1.8389,1.082,0.9366,0.6823,0.1623
0.4688,18.448,1.6486,0.754,0.7873,0.8474,0.3483
0.5077,14.504,1.5073,1.029,0.8765,0.6173,0.2499
0.4705,16.278,1.5123,0.952,0.8796,0.7296,0.2111
0.4921,17.459,1.7645,0.658,0.7297,0.6018,0.4134
0.4866,15.946,1.6253,0.833,0.7864,0.8234,0.4022
0.506,16.817,1.5455,0.548,0.667,0.6225,0.7508
0.457,18.34,1.8224,0.963,0.8576,0.8195,0.2277
0.4695,17.288,1.7273,0.91,0.8479,0.8123,0.2621
0.4673,16.817,1.548,1.017,0.9077,0.7894,0.2014
0.4665,15.874,1.7199,0.882,0.8168,0.8261,0.2932
0.4652,16.467,1.7289,0.584,0.6809,0.8162,0.5592
0.4833,15.261,1.8243,0.769,0.7881,0.6444,0.3027
0.4504,17.661,1.5932,0.667,0.7431,0.7107,0.2987
0.4671,18.114,1.5755,0.983,0.869,0.8072,0.2355
0.4607,16.375,1.869,0.948,0.8663,0.7367,0.2051
0.4978,17.542,1.8348,0.844,0.8284,0.8168,0.3681
0.4564,14.57,1.7576,0.932,0.8657,0.7919,0.2124
0.5095,15.828,1.5902,0.758,0.7952,0.6189,0.3603
0.5061,17.898,1.5065,0.867,0.8373,0.739,0.3453
0.4932,15.155,1.859,0.565,0.7045,0.6123,0.4936
0.5021,16.937,1.8556,0.569,0.6748,0.8138,0.8838
0.5042,17.439,1.8755,0.428,0.6466,0.8151,1.1343
0.4598,14.256,1.6591,0.488,0.6432,0.6967,0.5742
0.5046,14.653,1.8162,0.892,0.834,0.8175,0.3823
0.4615,15.92,1.8418,0.943,0.8525,0.6754,0.1991
0.4737,16.252,1.7996,0.388,0.6073,0.7684,1.0066
0.4571,17.648,1.8244,0.361,0.6129,0.6612,0.6614
0.5077,17.057,1.7714,0.851,0.8356,0.6664,0.3183
0.5058,17.847,1.5748,0.768,0.7811,0.67,0.4031
0.4844,18.27,1.6757,1.067,0.8932,0.6273,0.1953
0.4643,17.36,1.5128,0.411,0.6255,0.6841,0.6786
0.4542,18.644,1.6987,0.392,0.5987,0.7452,0.8069
0.465,17.963,1.7509,0.547,0.6605,0.8177,0.6366
0.4704,18.274,1.6526,0.601,0.6853,0.7496,0.5297
0.4961,16.253,1.5517,1.059,0.9248,0.6618,0.2039
0.4846,18.171,1.5472,0.439,0.6157,0.6132,0.8644
0.4696,18.689,1.8449,0.707,0.7556,0.8465,0.4055
0.4906,18.417,1.5642,0.606,0.7083,0.8101,0.62
0.4618,18.453,1.7388,0.367,0.6145,0.7443,0.7809
0.4931,16.764,1.6586,0.997,0.8618,0.8,0.3019
0.493,14.192,1.7486,0.852,0.8138,0.7606,0.3491
0.507,18.469,1.7119,0.397,0.6187,0.6143,1.1589
0.4585,17.861,1.5795,0.952,0.8368,0.8467,0.2577
0.4684,18.112,1.843,0.942,0.8516,0.7996,0.2517
0.4764,17.098,1.7601,0.429,0.6342,0.654,0.7064
0.4799,17.421,1.853,0.597,0.7002,0.8142,0.5832
0.4952,17.85,1.5416,0.514,0.664,0.7545,0.8176
0.4597,17.992,1.7096,0.627,0.7125,0.6901,0.3723
0.4706,18.592,1.7599,0.451,0.6229,0.8079,0.8873
0.4696,17.101,1.7177,0.682,0.7465,0.7235,0.3625
0.4832,15.643,1.881,0.888,0.8507,0.8254,0.298
0.4856,17.325,1.7226,0.362,0.6076,0.6809,1.052
0.472,18.85,1.846,0.425,0.6369,0.8416,0.8429
0.4751,14.831,1.7952,0.637,0.7213,0.6117,0.3696
0.4731,16.421,1.8176,0.61,0.7056,0.7954,0.5133
0.4769,18.297,1.6025,0.82,0.7837,0.6472,0.292
0.484,18.03,1.7201,0.542,0.6975,0.7209,0.549
0.452,16.662,1.6644,0.397,0.6297,0.6348,0.5241
0.4583,18.084,1.8045,0.575,0.6839,0.7511,0.4686
0.4727,18.334,1.8576,0.982,0.8798,0.7627,0.225
0.477,14.943,1.769,1.068,0.9045,0.81,0.2274
0.4531,16.929,1.8904,1.013,0.9051,0.7108,0.1617
0.4751,15.025,1.7968,0.932,0.8418,0.7409,0.2575
0.5074,16.431,1.5436,0.633,0.7114,0.6156,0.5541
0.4677,15.258,1.7779,0.388,0.61,0.6889,0.8114
0.4654,16.5,1.77,0.515,0.6523,0.8148,0.6733
0.49,15.715,1.5553,0.36,0.6115,0.7117,1.1271
0.5063,14.658,1.6209,1.034,0.919,0.6612,0.2262
0.4788,16.074,1.8071,1.094,0.9303,0.8103,0.2118
0.4915,17.406,1.667,0.441,0.6176,0.8437,1.2867
0.4904,18.025,1.8292,0.411,0.6376,0.8096,1.017
0.4572,16.594,1.7812,0.603,0.7242,0.6808,0.3365
0.4548,18.095,1.7163,0.899,0.8197,0.8145,0.2561
0.4967,17.214,1.7771,0.725,0.7526,0.6694,0.4257
0.5064,17.269,1.6548,1.019,0.8903,0.7359,0.2797
0.4723,16.946,1.7883,0.985,0.8907,0.6957,0.1967
0.501,18.301,1.7891,0.771,0.7803,0.6287,0.3629
0.4543,18.113,1.8216,0.862,0.8066,0.7785,0.2569
0.4957,18.592,1.8804,0.629,0.712,0.7886,0.6232
0.4531,17.57,1.8207,0.756,0.7823,0.8177,0.2954
0.4967,17.436,1.6251,0.994,0.8954,0.6899,0.2367
0.4824,16.466,1.7317,0.987,0.8733,0.6933,0.228
0.4931,15.371,1.719,0.907,0.8165,0.6553,0.2974
0.4792,18.746,1.622,0.601,0.6876,0.6597,0.5065
0.4657,18.507,1.536,0.601,0.703,0.8318,0.5034
0.4953,14.682,1.5058,0.815,0.8085,0.6532,0.3135
0.4989,16.678,1.6577,1.052,0.9037,0.8376,0.2843
0.5093,16.18,1.5628,0.699,0.7277,0.6656,0.5532
0.4851,15.831,1.5212,0.356,0.6061,0.7783,1.2115
0.4599,17.806,1.693,0.652,0.7201,0.7002,0.3637
0.4571,17.951,1.6183,0.36,0.5914,0.7745,0.9311
0.485,16.014,1.769,0.959,0.8532,0.6764,0.2456
0.4791,14.748,1.7308,0.615,0.7275,0.6415,0.3905
0.453,17.226,1.5068,0.462,0.6449,0.7439,0.5587
0.4958,18.473,1.8199,0.455,0.6544,0.7219,0.8479
0.4949,18.604,1.7326,0.554,0.6682,0.663,0.6945
0.5045,18.767,1.5214,0.582,0.716,0.6703,0.5683
0.4819,15.378,1.5701,0.43,0.6253,0.7473,0.9333
0.4758,15.874,1.7485,0.439,0.6338,0.6872,0.7396
0.4592,16.916,1.7371,0.779,0.7725,0.8303,0.3323
0.4914,18.49,1.824,0.539,0.6695,0.7534,0.7497
0.4885,15.507,1.5378,0.368,0.5992,0.8188,1.4386
0.4802,15.671,1.5103,0.882,0.8154,0.6811,0.276
0.477,14.623,1.8431,0.594,0.7001,0.8047,0.5594
0.4941,16.502,1.8576,0.848,0.7942,0.7802,0.395
0.499,18.033,1.8939,0.486,0.6489,0.8255,1.0548
0.4613,18.109,1.7638,0.408,0.6267,0.6957,0.6587
0.475,15.134,1.8726,0.687,0.7465,0.6179,0.3266
0.5014,15.154,1.6165,0.661,0.713,0.7094,0.593
0.4547,14.844,1.8416,1.067,0.8955,0.8149,0.194
0.4688,18.734,1.5424,0.553,0.6875,0.8165,0.5595
0.4604,18.094,1.8934,0.776,0.7719,0.8346,0.3386
0.4566,18.857,1.5335,0.979,0.8736,0.7725,0.202
0.4805,15.862,1.6823,1.016,0.8973,0.6987,0.2073
0.4686,17.597,1.6345,0.741,0.7737,0.6953,0.303
0.4638,15.313,1.5209,0.5,0.6416,0.7608,0.6655
0.4931,15.164,1.5215,0.433,0.6129,0.8486,1.3857
0.4673,16.663,1.5207,0.786,0.7695,0.7203,0.3161
0.5025,16.048,1.8913,0.973,0.8538,0.6998,0.296
0.4519,17.125,1.8119,0.702,0.7679,0.6994,0.266
0.507,17.019,1.6196,0.638,0.7173,0.7787,0.6729
0.5086,16.753,1.5613,0.532,0.6806,0.8098,0.9106
0.4709,14.621,1.7923,1.047,0.9186,0.8413,0.2136
0.475,17.786,1.8592,0.47,0.6341,0.7045,0.7487
0.4634,18.48,1.6658,0.683,0.7398,0.8079,0.3933
0.4915,15.264,1.7311,0.693,0.7329,0.7535,0.5058
0.4936,18.364,1.545,0.579,0.7083,0.6704,0.5302
0.464,16.665,1.6297,0.755,0.7898,0.7627,0.2962
0.5063,15.536,1.7186,0.486,0.6586,0.6557,0.8485
0.4546,16.107,1.8355,0.853,0.8311,0.6612,0.1986
0.5077,18.548,1.7276,0.684,0.7403,0.6879,0.5227
0.4943,15.522,1.8932,0.398,0.6109,0.6707,1.1375
0.4979,18.45,1.6352,0.837,0.8183,0.7989,0.3761
0.4877,14.122,1.6647,0.464,0.6525,0.7693,0.8304
0.509,14.202,1.6612,0.365,0.6077,0.6632,1.4587
0.4703,14.733,1.5639,0.355,0.6028,0.8064,1.0504
0.4541,15.02,1.8306,0.762,0.7716,0.8194,0.3134
0.4951,18.293,1.5527,0.959,0.885,0.6782,0.2386
0.454,16.214,1.8796,1.092,0.8946,0.7637,0.1813
0.5087,18.693,1.6268,0.353,0.6089,0.6768,1.4596
0.4774,16.962,1.5186,0.939,0.8377,0.7286,0.2625
0.4828,18.281,1.5397,0.417,0.6205,0.8133,1.0713
0.471,14.71,1.7819,0.994,0.8577,0.7414,0.2336
0.4864,16.972,1.6987,0.76,0.762,0.6977,0.3825
0.4781,16.638,1.707,0.403,0.621,0.6661,0.8198
0.4916,15.499,1.5855,0.794,0.8074,0.6892,0.3211
0.4627,15.079,1.7711,0.843,0.8096,0.82,0.2893
0.5087,14.662,1.7188,0.726,0.7576,0.7884,0.5507
0.5069,16.691,1.5282,0.551,0.6952,0.6138,0.6109
0.5072,15.295,1.5211,0.889,0.8528,0.7319,0.324
0.4599,16.258,1.7318,0.933,0.8366,0.7317,0.2259
0.4886,17.994,1.6171,0.748,0.7479,0.8421,0.5068
0.5024,15.889,1.6267,0.646,0.7172,0.6518,0.5366
0.5006,17.762,1.8456,0.921,0.823,0.8496,0.4018
0.4679,17.181,1.8044,0.774,0.7893,0.8183,0.3303
0.4901,14.065,1.5342,0.504,0.6534,0.8241,0.9088
0.459,18.65,1.6534,0.732,0.7605,0.8252,0.3479
0.4955,14.702,1.749,0.805,0.7973,0.6134,0.3101
0.5089,16.966,1.5213,0.837,0.8231,0.7788,0.3967
0.4531,17.63,1.8903,0.749,0.7712,0.7594,0.2879
0.4925,18.025,1.648,0.626,0.7178,0.625,0.4618
0.4632,14.298,1.7417,0.819,0.8039,0.6462,0.2345
0.4989,18.273,1.636,0.798,0.7861,0.7184,0.3953
0.4955,17.286,1.646,0.366,0.6127,0.6035,1.0226
0.4974,16.809,1.7964,0.513,0.6729,0.8008,0.8343
0.49,14.194,1.5747,1.034,0.8865,0.7554,0.2528
0.5056,15.608,1.8392,0.522,0.6749,0.6555,0.7415
0.4882,18.981,1.6898,0.403,0.6122,0.7337,1.1252
0.4903,17.916,1.6064,0.954,0.8828,0.7001,0.238
0.5034,17.229,1.7548,0.609,0.6935,0.6064,0.5869
0.4509,17.533,1.744,1.074,0.8988,0.769,0.1751
0.4917,17.971,1.5372,0.352,0.5993,0.6889,1.2702
0.488,18.463,1.7157,1.004,0.8976,0.6466,0.2044
0.4678,18.452,1.7308,0.848,0.8358,0.6126,0.2038
0.4829,17.561,1.5949,0.869,0.8298,0.6561,0.2567
0.4942,15.767,1.6263,0.389,0.5945,0.6966,1.4094
0.4923,15.023,1.5726,0.424,0.6421,0.6538,0.8106
0.4675,18.836,1.7861,0.911,0.8402,0.654,0.2135
0.4952,15.855,1.7537,0.679,0.7499,0.6512,0.4142
0.4957,15.297,1.5778,0.975,0.866,0.6756,0.2566
0.5001,16.644,1.5138,0.783,0.7914,0.7146,0.3875
0.455,15.208,1.6417,0.364,0.5883,0.8227,0.9886
0.4901,14.769,1.8545,0.949,0.8798,0.605,0.2078
0.4999,14.039,1.6901,0.624,0.6973,0.7684,0.6971
0.5061,17.707,1.831,1.034,0.8794,0.6099,0.2409
0.4988,18.662,1.8789,0.756,0.7557,0.7915,0.5059
0.484,15.635,1.767,0.904,0.8567,0.701,0.249
0.5097,16.122,1.6237,0.767,0.762,0.679,0.4676
0.4598,18.875,1.5929,0.564,0.7002,0.8264,0.4775
0.4749,18.101,1.7595,0.667,0.7459,0.6489,0.3439
0.5001,15.259,1.6481,1.027,0.9088,0.7148,0.2407
0.4926,18.761,1.517,0.475,0.6601,0.7459,0.8057
0.4755,17.167,1.6032,0.367,0.5931,0.7354,1.1342
0.4652,17.166,1.7884,0.4,0.6076,0.8281,0.9629
0.4955,14.281,1.6943,0.561,0.6795,0.8312,0.8082
0.4616,18.196,1.5128,0.609,0.7021,0.6021,0.3508
0.5037,15.358,1.5762,1.032,0.884,0.7728,0.2938
0.4838,17.005,1.6364,0.725,0.7395,0.6225,0.3729
0.4819,17.904,1.5767,0.954,0.8749,0.7453,0.2426
0.497,15.16,1.5058,0.775,0.7721,0.7636,0.4415
0.4511,14.125,1.6598,0.996,0.8612,0.7555,0.1963
0.4689,16.052,1.8022,0.731,0.7805,0.6623,0.2807
0.4649,17.812,1.8507,0.908,0.816,0.7425,0.2604
0.4866,15.569,1.5567,0.789,0.781,0.7215,0.3615
0.4811,14.368,1.5214,0.783,0.7964,0.8412,0.3728
0.4518,14.97,1.5647,0.429,0.6463,0.8352,0.6127
0.4658,17.483,1.7901,0.559,0.7038,0.6062,0.3657
0.4623,16.401,1.6944,0.82,0.7941,0.8489,0.3183
0.49,16.149,1.7566,1.003,0.9009,0.7447,0.2366
0.4995,15.335,1.8515,0.611,0.7163,0.7414,0.5947
0.5042,14.797,1.8872,0.467,0.6405,0.7548,1.109
0.4974,15.545,1.6475,0.812,0.7756,0.7556,0.431
0.4926,16.247,1.7834,0.507,0.6552,0.7188,0.8064
0.4784,18.693,1.5216,0.858,0.8358,0.7873,0.2885
0.5052,15.191,1.8634,0.38,0.5996,0.6519,1.4857
0.4972,18.724,1.687,0.417,0.6204,0.8198,1.3176
0.4897,17.302,1.8057,0.489,0.6423,0.6246,0.7481
0.5003,16.188,1.594,0.359,0.6051,0.8426,1.6653
0.4832,14.999,1.5969,0.54,0.6961,0.6072,0.4621
0.5061,18.367,1.5336,0.359,0.601,0.7253,1.6482
0.4639,16.213,1.5459,0.385,0.6257,0.6784,0.6692
0.47,18.967,1.5526,0.554,0.6859,0.7805,0.5474
0.5049,17.617,1.5036,0.676,0.7266,0.7086,0.5662
0.4921,16.149,1.5044,0.917,0.8578,0.7195,0.2734
0.4619,17.81,1.702,0.669,0.7291,0.8289,0.4194
0.4633,18.334,1.613,0.379,0.59,0.6438,0.8563
0.4891,14.684,1.86,0.972,0.8525,0.6027,0.2276
0.4635,18.569,1.6473,0.543,0.678,0.6918,0.4737
0.479,14.484,1.6904,1.015,0.8802,0.7874,0.245
0.4814,14.157,1.7546,0.671,0.7142,0.627,0.4206
0.5045,14.117,1.6318,1.056,0.8812,0.7006,0.2711
0.5029,16.764,1.5459,0.736,0.7766,0.7405,0.4431
0.4704,16.27,1.8205,1.052,0.8847,0.6105,0.1734
0.5006,16.256,1.5734,0.714,0.7466,0.7979,0.5451
0.4941,16.481,1.776,0.625,0.6945,0.6251,0.5415
0.4598,18.873,1.5542,0.525,0.652,0.8087,0.6273
0.4707,15.108,1.6078,0.43,0.6288,0.7921,0.8309
0.4662,15.325,1.7688,0.877,0.8337,0.8473,0.2802
0.5074,16.427,1.8321,0.395,0.6119,0.6466,1.322
0.4811,18.985,1.6702,0.636,0.7228,0.6286,0.4005
0.5046,16.189,1.6241,0.637,0.726,0.7075,0.5657
0.5068,16.938,1.6272,0.607,0.7044,0.7768,0.7266
0.5078,15.559,1.7025,0.762,0.797,0.7081,0.4022
0.4833,18.38,1.8621,0.569,0.6867,0.6942,0.5612
0.4646,18.626,1.5588,1.094,0.9033,0.7439,0.1882
0.502,16.433,1.8494,0.784,0.7821,0.7813,0.4513
0.4903,15.839,1.7529,0.921,0.832,0.7821,0.3243
0.4715,18.811,1.7614,0.568,0.6947,0.8257,0.5579
0.476,14.446,1.7748,1.032,0.8877,0.841,0.2483
0.4697,17.861,1.8712,0.84,0.7989,0.7427,0.2927
0.5019,18.015,1.6727,0.698,0.7583,0.7549,0.4907
0.4648,15.796,1.7372,1.003,0.8785,0.7287,0.2014
0.4556,18.865,1.6572,0.626,0.7053,0.661,0.3551
0.4941,15.307,1.6676,0.808,0.7948,0.6333,0.3197
0.471,16.954,1.7611,1.046,0.8769,0.7374,0.2165
0.4857,18.796,1.7863,0.418,0.6277,0.6224,0.7999
0.4839,14.045,1.6428,0.929,0.8486,0.603,0.2208
0.4668,15.146,1.5927,0.39,0.6224,0.7043,0.74
0.4724,17.63,1.5207,1.095,0.9473,0.6287,0.1473
0.4919,17.398,1.8784,1.025,0.9067,0.7691,0.2433
0.46,18.306,1.8252,0.888,0.8435,0.6222,0.1872
0.4775,18.669,1.7735,0.577,0.7121,0.6297,0.4106
0.5088,17.119,1.8321,0.416,0.639,0.7201,1.1389
0.4974,15.516,1.645,0.373,0.6212,0.7316,1.1697
0.5029,16.234,1.5028,0.365,0.6097,0.7184,1.4036
0.4986,14.929,1.8912,0.451,0.6374,0.8346,1.1701
0.4962,18.27,1.5689,0.626,0.7354,0.8051,0.559
0.4994,15.518,1.5434,0.427,0.6177,0.6008,1.0236
0.4523,14.577,1.5428,0.442,0.6531,0.6788,0.4787
0.4625,18.522,1.5792,0.931,0.8464,0.648,0.1974
0.4574,18.106,1.7179,0.403,0.6324,0.6475,0.56
0.4933,15.948,1.7966,0.493,0.6546,0.6179,0.703
0.455,15.443,1.6423,0.802,0.7809,0.6973,0.258
0.4877,18.455,1.7278,0.55,0.663,0.7139,0.713
0.4983,18.537,1.549,0.399,0.6228,0.743,1.1845
0.4779,16.119,1.6369,0.52,0.6787,0.8298,0.6646
0.493,15.106,1.5646,0.663,0.7428,0.6568,0.4239
0.4835,15.454,1.6878,0.391,0.6293,0.7282,0.8962
0.496,16.232,1.7908,0.578,0.7073,0.6735,0.5496
0.4874,15.472,1.8794,0.657,0.7314,0.709,0.4603
0.4539,16.067,1.6694,0.651,0.738,0.8288,0.3698
0.4759,16.353,1.5192,0.754,0.7693,0.7412,0.354
0.4894,14.378,1.8806,1.076,0.9193,0.6192,0.1837
0.4964,16.386,1.5524,0.389,0.5933,0.7989,1.7005
0.4826,16.784,1.8786,0.975,0.8493,0.6324,0.2282
0.4645,18.907,1.6351,0.476,0.6679,0.7544,0.5564
0.4984,15.852,1.6938,0.911,0.825,0.6523,0.2996
0.5068,14.3,1.6302,0.452,0.6388,0.6535,1.0096
0.4593,14.178,1.6992,1.01,0.881,0.703,0.1834
0.4551,15.147,1.6876,0.639,0.7027,0.6527,0.3537
0.4949,14.7,1.6393,1.002,0.8826,0.788,0.2791
0.5046,18.789,1.5311,0.825,0.7826,0.8273,0.4885
0.4594,17.301,1.612,0.538,0.6786,0.7786,0.5075
0.499,16.951,1.6072,0.606,0.6966,0.6949,0.6276
0.4519,17.781,1.6834,0.641,0.7073,0.6058,0.3093
0.4544,18.751,1.8995,0.481,0.667,0.7522,0.4979
0.4963,14.656,1.513,0.984,0.8864,0.7566,0.2673
0.4646,15.747,1.8687,0.897,0.8306,0.8453,0.279
0.506,18.719,1.5015,0.608,0.6933,0.7408,0.739
0.4739,15.816,1.8806,0.477,0.6455,0.8179,0.786
0.4828,18.697,1.8579,0.489,0.6735,0.7938,0.6958
0.4646,17.546,1.5085,0.693,0.7567,0.6515,0.2957
0.4798,15.481,1.718,1.048,0.9221,0.7965,0.2156
0.4539,16.277,1.7329,0.699,0.736,0.7175,0.3231
0.4709,17.232,1.8897,0.629,0.6952,0.675,0.4518
0.4646,15.758,1.5406,1.045,0.8762,0.8336,0.2318
0.4577,15.374,1.5131,0.701,0.753,0.6077,0.2622
0.4846,15.122,1.7018,0.607,0.72,0.6596,0.4427
0.4802,14.794,1.5783,0.719,0.7414,0.6697,0.3828
0.5093,16.302,1.7839,0.714,0.7396,0.8228,0.638
0.4741,15.901,1.6349,0.427,0.6113,0.6128,0.7792
0.5002,18.433,1.7919,0.371,0.6152,0.6351,1.1236
0.4952,17.785,1.5222,0.783,0.8037,0.8044,0.394
0.4954,18.398,1.8482,0.74,0.7518,0.8195,0.5168
0.4571,17.113,1.626,0.778,0.8013,0.796,0.2757
0.4942,14.118,1.7568,0.997,0.8638,0.6239,0.2359
0.4836,18.932,1.7134,0.942,0.8668,0.7563,0.2575
0.5012,18.109,1.8077,0.998,0.8933,0.6422,0.2308
0.467,14.174,1.6637,0.865,0.8292,0.6554,0.2223
0.4625,16.107,1.8571,0.37,0.5912,0.7458,0.969
0.4571,18.966,1.518,0.567,0.6851,0.8299,0.5074
0.4819,14.806,1.7626,0.374,0.6039,0.7019,1.0662
0.4574,14.335,1.8583,0.724,0.7513,0.674,0.2922
0.4832,16.29,1.5527,0.898,0.8122,0.6028,0.2546
0.476,15.101,1.6402,1.098,0.9233,0.6803,0.1777
0.4508,14.941,1.6141,0.929,0.8678,0.7535,0.1908
0.5002,18.109,1.7585,1.081,0.9417,0.6163,0.1855
0.4953,14.392,1.7178,0.645,0.7277,0.7653,0.5496
0.4523,14.329,1.7489,0.915,0.8439,0.6922,0.1938
0.4524,17.334,1.6137,1.088,0.9124,0.6381,0.1408
0.493,15.155,1.7688,0.844,0.7884,0.6555,0.3371
0.4511,14.969,1.6047,0.759,0.7837,0.7976,0.281
0.456,14.435,1.6147,0.916,0.8316,0.7109,0.2158
0.4791,15.921,1.5156,0.371,0.6033,0.841,1.2351
0.4578,14.834,1.8695,0.833,0.7917,0.6244,0.2267
0.4867,17.371,1.5818,0.679,0.7487,0.8237,0.4843
0.4639,14.253,1.5158,1.001,0.9031,0.7049,0.1774
0.4978,17.514,1.8171,0.793,0.7698,0.737,0.4344
0.4767,18.906,1.8173,0.507,0.6451,0.8109,0.8088
0.4819,16.204,1.7339,1.029,0.8704,0.6478,0.2144
0.4555,18.444,1.8823,1.008,0.8711,0.6324,0.165
0.4693,15.034,1.6433,0.699,0.7675,0.8329,0.3762
0.4808,17.533,1.8763,0.551,0.6805,0.7177,0.5866
0.4858,18.138,1.5683,1.1,0.9349,0.6995,0.191
0.4839,16.622,1.6763,0.399,0.6259,0.7133,0.9096
0.4941,14.872,1.6887,0.368,0.605,0.8354,1.5019
0.506,17.96,1.7332,0.407,0.6191,0.7717,1.4265
0.484,17.593,1.7345,1.038,0.9127,0.7128,0.2064
0.488,17.439,1.5271,1.049,0.8801,0.8343,0.2809
0.4749,14.654,1.7703,1.048,0.9164,0.65,0.172
0.4757,17.809,1.8573,0.37,0.6132,0.6026,0.7694
0.4974,14.868,1.778,0.579,0.6771,0.7007,0.7088
0.4566,14.49,1.6953,0.761,0.7727,0.8111,0.3161
0.4515,15.555,1.628,0.365,0.6051,0.7654,0.7585
0.4704,17.386,1.7423,0.404,0.6143,0.6778,0.7984
0.4899,15.962,1.8266,0.742,0.7601,0.8193,0.4691
0.4572,17.343,1.8451,0.749,0.7596,0.6118,0.2545
0.4598,14.412,1.7722,0.946,0.8662,0.6552,0.1809
0.4834,18.868,1.5923,0.659,0.7494,0.6316,0.3579
0.4599,14.982,1.5847,0.88,0.8289,0.7588,0.2414
0.4985,18.089,1.5481,0.922,0.8607,0.7089,0.2817
0.4674,17.033,1.7417,0.957,0.8765,0.7143,0.2033
0.4944,18.368,1.6729,0.879,0.8287,0.7697,0.3358
0.4615,14.598,1.6667,0.786,0.786,0.6997,0.2696
0.4785,14.8,1.8149,0.589,0.6892,0.8417,0.6352
0.4657,18.399,1.5799,0.534,0.6938,0.6021,0.3844
0.4869,15.051,1.7264,0.659,0.749,0.6121,0.3601
0.4929,14.333,1.8904,0.432,0.6396,0.634,0.8093
0.454,14.853,1.859,0.795,0.8028,0.8071,0.2698
0.5059,14.569,1.6381,0.648,0.7071,0.7543,0.6867
0.4678,16.879,1.7334,0.469,0.6441,0.7005,0.6316
0.5048,15.716,1.8408,0.808,0.7976,0.6624,0.3647
0.4751,14.169,1.7373,0.681,0.7454,0.7936,0.4223
0.4771,14.408,1.5241,0.833,0.8077,0.7829,0.3186
0.5083,16.088,1.5465,0.772,0.7896,0.6171,0.3648
0.4535,14.103,1.888,1.0,0.8852,0.777,0.1896
0.4548,14.56,1.6591,0.743,0.763,0.8456,0.3384
0.4916,16.5,1.7921,0.875,0.8378,0.8182,0.3352
0.5064,16.73,1.7188,0.57,0.6874,0.7967,0.8317
0.5037,14.844,1.8873,0.428,0.634,0.8267,1.2792
0.461,18.059,1.7876,0.572,0.7007,0.6211,0.3625
0.4858,17.182,1.8005,0.695,0.7399,0.6883,0.4196
0.4565,18.724,1.8118,0.732,0.7603,0.8379,0.345
0.5077,18.978,1.6011,1.026,0.8792,0.8009,0.321
0.5067,18.784,1.632,0.456,0.6462,0.6955,1.0035
0.4907,16.996,1.6905,0.778,0.8032,0.7107,0.3346
0.4603,14.791,1.7752,0.906,0.8288,0.7656,0.2444
0.5063,17.129,1.8174,0.39,0.6117,0.6937,1.3953
0.5074,15.044,1.6475,0.725,0.7561,0.7144,0.4964
0.5033,15.965,1.8847,0.701,0.7555,0.8238,0.5516
0.4641,16.411,1.7081,1.049,0.9212,0.7774,0.1846
0.4813,16.42,1.8913,0.355,0.5898,0.7693,1.3409
0.4973,14.959,1.5245,0.613,0.7058,0.6984,0.5841
0.4885,17.978,1.7335,0.373,0.6123,0.8264,1.2717
0.4554,15.264,1.707,0.508,0.6638,0.605,0.4129
0.4811,14.922,1.5259,0.455,0.6407,0.6606,0.7198
0.4898,18.878,1.6333,0.989,0.8626,0.7229,0.2641
0.453,15.122,1.5904,0.67,0.7493,0.8014,0.3357
0.4808,18.375,1.8696,0.857,0.8396,0.6634,0.2447
0.4855,17.898,1.601,1.092,0.9016,0.6117,0.1865
0.495,16.376,1.878,0.549,0.6846,0.8236,0.7701
0.4813,14.798,1.5821,0.479,0.6432,0.6804,0.7283
0.4957,18.79,1.6472,0.376,0.6146,0.6506,1.084
0.4878,17.387,1.6714,0.652,0.7381,0.7328,0.4604
0.4771,17.201,1.851,0.656,0.7368,0.6625,0.3759
0.5055,15.868,1.5857,0.434,0.6158,0.6833,1.2992
0.4597,15.774,1.6603,0.844,0.8354,0.7129,0.2207
0.4543,17.088,1.7578,0.492,0.6672,0.8104,0.5347
0.4654,16.072,1.7758,0.795,0.8103,0.7695,0.2775
0.499,18.433,1.6644,0.674,0.7497,0.7489,0.4949
0.4819,16.98,1.6735,0.566,0.6887,0.675,0.5302
0.4857,16.661,1.5413,0.904,0.8143,0.7647,0.3274
0.4863,16.842,1.6758,0.869,0.8165,0.8173,0.3487
0.4799,16.272,1.5837,1.049,0.9059,0.7346,0.2104
0.457,17.474,1.6766,0.939,0.8622,0.6288,0.1719
0.486,15.684,1.7278,0.956,0.8403,0.6993,0.2695
0.4914,14.38,1.7782,0.657,0.7161,0.7007,0.5167
0.4713,17.202,1.6038,0.81,0.8003,0.7369,0.293
0.4697,17.774,1.7595,0.89,0.8389,0.6832,0.2286
0.4716,15.015,1.6807,0.444,0.6389,0.7313,0.7172
0.4664,16.816,1.5023,0.5,0.6493,0.7995,0.6831
0.507,15.56,1.8639,0.826,0.7963,0.7508,0.425
0.467,18.337,1.5934,0.35,0.5808,0.8334,1.2844
0.4608,17.035,1.7259,0.893,0.8486,0.7698,0.2289
0.4588,18.198,1.7361,0.689,0.7603,0.7053,0.2972
0.4699,18.666,1.8224,0.466,0.6586,0.7304,0.6098
0.477,14.2,1.6329,0.835,0.8293,0.7986,0.2967
0.4504,15.687,1.831,0.653,0.7156,0.8047,0.3876
0.4737,14.21,1.6677,0.486,0.6405,0.8068,0.8028
0.4601,15.616,1.7176,0.696,0.7374,0.6088,0.2901
0.4979,18.621,1.8101,1.059,0.9118,0.6637,0.2171
0.5045,18.446,1.7315,0.919,0.8493,0.7635,0.3348
0.4579,17.671,1.6365,0.804,0.8106,0.6112,0.2052
0.4882,16.276,1.7671,0.799,0.7765,0.7763,0.4032
0.4644,14.675,1.6185,0.663,0.721,0.6801,0.3681
0.4626,17.34,1.5707,0.359,0.6157,0.6703,0.7034
0.4553,15.25,1.6668,0.87,0.8065,0.7966,0.2655
0.4642,18.795,1.7454,1.017,0.8615,0.6503,0.1901
0.4661,17.937,1.6817,0.626,0.7326,0.7666,0.3978
0.5052,18.725,1.7694,1.076,0.9158,0.7146,0.2451
0.4749,17.511,1.5687,0.672,0.7374,0.7741,0.4286
0.4927,15.312,1.5967,0.389,0.6243,0.7146,1.0394
0.4802,17.178,1.6215,1.021,0.9123,0.8018,0.2253
0.4968,16.837,1.8185,0.773,0.7689,0.7737,0.4535
0.4974,17.208,1.5838,0.749,0.7601,0.7639,0.4707
0.4662,16.318,1.6881,0.926,0.8672,0.6554,0.191
0.4814,15.521,1.6216,0.391,0.6294,0.6565,0.7858
0.4943,18.765,1.8462,0.925,0.8678,0.7024,0.2617
0.4808,18.312,1.8798,0.938,0.8473,0.7555,0.2705
0.4531,18.011,1.8147,0.435,0.6127,0.8499,0.8086
0.4553,14.156,1.6038,0.874,0.8181,0.7081,0.2251
0.4821,16.609,1.5297,0.856,0.8127,0.7827,0.3263
0.5,17.46,1.556,0.953,0.8783,0.6149,0.2313
0.4823,14.668,1.8742,1.035,0.8893,0.8074,0.2502
0.4713,17.695,1.6588,0.943,0.8556,0.632,0.2013
0.4565,17.095,1.5575,0.431,0.627,0.6247,0.5563
0.4864,16.769,1.8946,0.82,0.8075,0.7572,0.3361
0.4509,17.666,1.8982,0.543,0.677,0.7732,0.4629
0.4941,18.629,1.8637,0.715,0.7689,0.8387,0.479
0.4968,16.77,1.5698,0.643,0.7262,0.8278,0.6096
0.5019,18.343,1.8106,0.705,0.7712,0.6464,0.3933
0.4868,18.512,1.5266,1.005,0.8942,0.6301,0.1995
0.4823,17.532,1.6382,1.094,0.9397,0.6243,0.1629
0.468,16.0,1.523,0.706,0.7356,0.6887,0.3587
0.505,15.856,1.7404,0.673,0.7282,0.7455,0.5907
0.4947,14.993,1.8134,0.524,0.6668,0.6673,0.704
0.4524,14.115,1.5534,0.64,0.7175,0.6417,0.3125
0.4834,16.682,1.6749,0.542,0.6846,0.6291,0.5161
0.4534,14.273,1.8346,0.457,0.6237,0.7565,0.6633
0.4835,14.913,1.8002,0.839,0.7922,0.7616,0.352
0.4868,15.773,1.7203,1.054,0.9125,0.6192,0.1839
0.5068,15.964,1.5017,0.459,0.6294,0.8157,1.3757
0.4935,14.867,1.6519,0.434,0.6349,0.6703,0.8968
0.4678,18.882,1.8607,0.616,0.7282,0.8252,0.4455
0.4957,18.374,1.795,1.052,0.9268,0.6437,0.1963
0.5055,18.745,1.8109,0.762,0.7791,0.7004,0.4244
0.4971,16.706,1.742,0.799,0.7874,0.8395,0.4509
0.4655,16.741,1.5699,0.371,0.6079,0.7066,0.8232
0.4577,14.909,1.6383,0.464,0.6302,0.7602,0.6705
0.4827,15.552,1.7013,0.47,0.6542,0.6419,0.6433
0.4772,14.608,1.7224,0.735,0.773,0.6684,0.3176
0.4587,14.903,1.6626,0.45,0.6552,0.8011,0.6003
0.4731,16.769,1.7167,0.605,0.7081,0.6385,0.4065
0.4684,17.663,1.6618,0.615,0.7156,0.6835,0.397
0.5069,17.607,1.8765,0.925,0.8353,0.7477,0.3549
0.4601,15.237,1.7581,0.492,0.6551,0.6716,0.5119
0.4888,18.559,1.6757,0.446,0.6421,0.8456,1.0039
0.4745,17.396,1.7526,1.015,0.8624,0.8404,0.2683
0.4955,16.443,1.8082,0.368,0.5848,0.6809,1.5851
0.4754,16.254,1.5453,0.902,0.8588,0.8314,0.2714
0.4726,15.809,1.7097,0.626,0.7163,0.8022,0.4848
0.5064,14.077,1.8713,1.065,0.9314,0.6925,0.2272
0.4692,16.465,1.5328,1.029,0.8729,0.6446,0.1888
0.4598,17.284,1.6301,0.643,0.7434,0.6645,0.3064
0.4934,15.654,1.802,0.503,0.6551,0.7175,0.8134
0.4681,18.795,1.701,0.912,0.856,0.6506,0.2009
0.4642,16.438,1.7609,0.734,0.745,0.6961,0.3331
0.4988,16.635,1.6704,0.811,0.7878,0.756,0.4123
0.5008,16.242,1.7042,1.02,0.8654,0.8209,0.3268
0.4602,14.093,1.8555,0.452,0.644,0.6753,0.5564
0.4907,17.18,1.8653,0.621,0.7174,0.6025,0.4377
0.4848,15.368,1.6951,0.729,0.7446,0.756,0.4456
0.4812,17.305,1.6292,0.551,0.694,0.7381,0.5573
0.4536,17.743,1.8312,0.66,0.7324,0.709,0.3241
0.5007,15.128,1.5847,0.895,0.858,0.6389,0.2616
0.457,16.148,1.7217,0.797,0.7802,0.6199,0.2347
0.5075,18.582,1.7542,0.515,0.6822,0.8336,0.9141
0.462,15.897,1.8643,0.512,0.6568,0.6432,0.496
0.5062,14.635,1.5234,0.633,0.7256,0.6638,0.541
0.4662,17.664,1.7427,0.536,0.658,0.7147,0.5743
0.5066,17.001,1.8908,0.87,0.8446,0.7386,0.3365
0.4941,17.753,1.8227,0.953,0.8479,0.6444,0.2591
0.4902,17.514,1.5168,1.048,0.8958,0.8383,0.2718
0.4687,18.436,1.6889,0.594,0.711,0.7594,0.4537
0.4701,17.241,1.5073,0.924,0.8431,0.721,0.2383
0.4776,15.399,1.726,0.821,0.8042,0.7857,0.3259
0.4929,17.645,1.8447,0.696,0.7652,0.7736,0.4444
0.507,17.171,1.5284,0.8,0.8038,0.7266,0.397
0.5017,14.435,1.6634,0.957,0.8692,0.7377,0.2918
0.5086,17.909,1.8063,0.834,0.8281,0.6758,0.3361
0.46,14.158,1.8745,0.428,0.6337,0.7766,0.6874
0.4614,15.706,1.6777,0.379,0.6029,0.8006,0.9216
0.4869,15.326,1.7744,0.654,0.7078,0.6868,0.5071
0.5015,15.489,1.812,0.579,0.6818,0.6323,0.6485
0.5062,17.654,1.8925,0.389,0.6083,0.665,1.3896
0.4632,16.22,1.802,0.626,0.7097,0.8399,0.4771
0.5083,16.027,1.7065,0.483,0.6612,0.6101,0.7924
0.4877,15.177,1.5551,0.591,0.6896,0.6023,0.5017
0.4776,17.935,1.6262,0.939,0.8731,0.8388,0.2645
0.4847,16.178,1.5289,0.867,0.8021,0.8053,0.3602
0.4531,15.763,1.7891,0.989,0.8595,0.8186,0.2181
0.4543,17.762,1.8013,0.461,0.6262,0.8031,0.6998
0.4522,17.982,1.6727,0.37,0.6113,0.6795,0.6461
0.4939,14.419,1.6932,0.933,0.8694,0.6539,0.2414
0.4948,18.714,1.8141,0.705,0.7305,0.8394,0.5911
0.4769,14.709,1.5015,1.038,0.8949,0.6688,0.1938
0.469,15.934,1.5322,0.392,0.6164,0.6602,0.7491
0.4861,17.015,1.7316,0.691,0.7377,0.8368,0.5179
0.47,16.789,1.7923,0.852,0.8391,0.7655,0.2566
0.4975,15.446,1.8809,0.501,0.6724,0.8125,0.8506
0.491,16.131,1.6806,0.684,0.7311,0.8493,0.5727
0.4931,17.318,1.8747,0.573,0.6948,0.719,0.6154
0.5051,15.4,1.5424,0.961,0.8878,0.8201,0.311
0.4807,14.727,1.7023,0.712,0.7482,0.8098,0.4495
0.4719,17.441,1.5562,0.513,0.6854,0.7135,0.5122
0.4827,14.208,1.6993,0.525,0.6767,0.805,0.6894
0.5048,17.15,1.6362,0.744,0.7777,0.709,0.4297
0.4661,15.501,1.7124,1.034,0.8878,0.6114,0.1653
0.4783,15.07,1.5023,0.874,0.8212,0.6506,0.2529
0.4758,18.946,1.5219,0.565,0.6986,0.7134,0.4937
0.4694,18.505,1.8985,1.023,0.911,0.6813,0.1751
0.4892,18.639,1.8729,1.067,0.8824,0.662,0.2234
0.4806,15.88,1.8025,0.575,0.6785,0.6712,0.5547
0.4848,14.937,1.513,0.755,0.7514,0.6157,0.3501
0.4762,15.101,1.6128,0.74,0.7562,0.6038,0.3079
0.506,18.588,1.68,0.531,0.6859,0.7083,0.7436
0.4827,17.119,1.5756,0.749,0.7501,0.7746,0.4342
0.4991,16.779,1.7798,0.479,0.6627,0.7732,0.8869
0.5036,17.258,1.6474,0.522,0.6584,0.6078,0.7623
0.4864,14.025,1.5643,0.357,0.5828,0.7659,1.5691
0.4532,15.917,1.5673,0.888,0.8295,0.8123,0.2422
0.4739,15.343,1.615,0.548,0.6692,0.7208,0.5868
0.4946,18.03,1.6158,0.727,0.7404,0.7809,0.5195
0.4889,17.358,1.5017,0.613,0.7273,0.6335,0.4271
0.5053,18.09,1.6162,0.843,0.8076,0.7975,0.4215
0.4993,18.84,1.8012,0.766,0.7621,0.7169,0.4457
0.4568,16.601,1.8409,0.854,0.8166,0.7931,0.2573
0.4524,14.345,1.8983,0.421,0.6068,0.6382,0.6311
0.4657,16.228,1.8868,0.357,0.6023,0.7278,0.8927
0.452,14.195,1.7667,1.009,0.8705,0.7393,0.1874
0.4728,15.476,1.7934,0.73,0.764,0.6783,0.3221
0.5002,16.556,1.7417,0.762,0.7607,0.7801,0.4926
0.4916,16.486,1.7471,0.979,0.8938,0.7708,0.2546
0.4715,15.654,1.5254,0.437,0.646,0.7558,0.7028
0.456,16.775,1.7932,0.651,0.7396,0.651,0.2942
0.4585,15.094,1.5731,0.778,0.7676,0.6697,0.272
0.4865,18.106,1.5006,0.582,0.7096,0.8388,0.6098
0.5028,15.71,1.8697,0.36,0.6143,0.7223,1.3401
0.505,14.926,1.7168,0.453,0.6564,0.7115,0.9224
0.4957,17.117,1.741,0.794,0.7747,0.7667,0.4322
0.4984,15.14,1.6708,1.022,0.88,0.6275,0.2314
0.4601,16.512,1.7926,1.009,0.8872,0.6578,0.1691
0.4893,16.997,1.8749,0.952,0.8839,0.6866,0.2305
0.5072,14.204,1.626,0.738,0.7792,0.7368,0.4536
0.4869,17.49,1.7553,0.38,0.6035,0.7623,1.2508
0.4663,14.159,1.5304,0.564,0.6788,0.8139,0.5718
0.4937,18.877,1.7294,0.8,0.8031,0.7924,0.3838
0.4848,14.94,1.7499,1.028,0.8827,0.7676,0.249
0.4612,15.671,1.5429,0.609,0.7017,0.7173,0.417
0.4973,15.614,1.7182,0.54,0.6885,0.772,0.721
0.4659,17.804,1.5751,0.846,0.8278,0.7945,0.2681
0.507,18.281,1.547,1.098,0.9131,0.7498,0.2634
0.505,15.467,1.7102,0.655,0.7126,0.7787,0.6782
0.4999,17.371,1.892,1.094,0.9014,0.7729,0.2669
0.491,16.403,1.737,0.407,0.6322,0.7238,0.96
0.4845,18.273,1.6885,1.017,0.8957,0.7188,0.2219
0.4598,16.034,1.8049,1.07,0.9299,0.8159,0.1814
0.4872,16.215,1.7468,0.49,0.6369,0.6711,0.8133
0.4678,14.54,1.8728,0.736,0.7486,0.8444,0.4111
0.4808,17.998,1.7322,0.598,0.7183,0.7184,0.4678
0.4678,17.243,1.607,0.419,0.6281,0.7559,0.769
0.4746,15.859,1.5103,0.513,0.6845,0.6327,0.4711
0.4846,16.82,1.6434,0.618,0.7241,0.6628,0.435
0.4727,15.441,1.5641,0.698,0.7286,0.7522,0.4261
0.4862,16.878,1.5504,0.41,0.6271,0.8331,1.0834
0.4832,14.126,1.6419,0.778,0.7686,0.7856,0.4041
0.5073,17.237,1.8592,0.364,0.5891,0.6019,1.6324
0.4991,16.087,1.5888,0.996,0.8521,0.7277,0.3008
0.4981,18.131,1.5911,0.658,0.7177,0.7015,0.5501
0.505,17.539,1.5249,0.568,0.6886,0.8225,0.8382
0.4657,18.407,1.6664,0.4,0.5987,0.6612,0.8389
0.4832,17.003,1.7063,0.579,0.6905,0.7118,0.5611
0.4993,17.386,1.7731,0.616,0.7175,0.7343,0.5838
0.4933,14.804,1.8913,0.408,0.6051,0.7232,1.2842
0.4804,18.964,1.5526,1.006,0.8822,0.7756,0.2427
0.4978,16.735,1.535,0.905,0.8453,0.6389,0.2682
0.4802,15.385,1.8449,0.986,0.8488,0.7511,0.2657
0.476,16.566,1.8488,0.403,0.617,0.7755,0.9613
0.4891,18.032,1.6837,0.759,0.7537,0.7281,0.4271
0.4649,15.512,1.8435,0.588,0.7115,0.8189,0.4689
0.4664,15.048,1.6821,0.586,0.6819,0.6683,0.4617
0.4658,14.471,1.5687,0.377,0.6132,0.723,0.808
0.4916,14.908,1.8634,0.757,0.7616,0.6864,0.3968
0.5034,16.465,1.8387,0.889,0.8098,0.8053,0.4141
0.485,17.324,1.6677,1.013,0.8673,0.7495,0.2578
0.4643,16.851,1.8447,1.054,0.8859,0.6283,0.1684
0.4602,16.575,1.5683,0.52,0.6719,0.7059,0.4839
0.5082,16.074,1.6094,0.982,0.8896,0.7172,0.2774
0.5088,15.61,1.7314,0.72,0.7347,0.635,0.5041
0.4612,14.667,1.5322,0.952,0.8567,0.7207,0.2086
0.4898,14.967,1.5841,0.849,0.8033,0.715,0.3337
0.4544,17.963,1.8632,0.817,0.8225,0.6475,0.2007
0.4584,14.821,1.8258,0.946,0.8411,0.6409,0.1918
0.4963,14.813,1.8982,0.846,0.8078,0.8239,0.4001
0.5006,15.515,1.7553,0.726,0.7812,0.6243,0.3571
0.5043,16.605,1.695,0.676,0.7369,0.8319,0.6225
0.4837,14.389,1.7827,0.354,0.5809,0.8203,1.6456
0.4713,17.646,1.8499,0.711,0.7532,0.679,0.3348
0.4896,14.515,1.7876,0.819,0.7897,0.6945,0.3438
0.487,14.74,1.8939,0.38,0.601,0.7171,1.2092
0.5075,15.049,1.6968,0.991,0.8619,0.6819,0.2918
0.5002,15.402,1.5639,0.779,0.8063,0.6717,0.3406
