phi,d_s_um,m1_lf,tau_Pa
0.3378,0.2013,1828.07,453.319
0.4593,0.5933,193.24,264.236
0.4408,0.1633,2436.58,2510.465
0.4234,0.4067,392.59,313.977
0.3803,0.4622,297.79,131.498
0.4435,0.5169,266.92,286.03
0.4032,0.3552,441.71,266.356
0.16,0.4223,345.08,4.24
0.3214,0.5275,244.28,48.377
0.3583,0.2119,1482.22,485.687
0.466,0.2844,841.92,1281.916
0.4087,0.2625,818.9,533.252
0.1726,0.5931,165.23,2.707
0.1859,0.208,1365.51,29.648
0.4924,0.5252,205.08,496.442
0.395,0.509,215.3,116.128
0.334,0.1645,2130.54,501.602
0.4283,0.5822,168.26,144.391
0.3367,0.6352,144.25,35.237
0.1882,0.6523,145.21,3.301
0.153,0.6339,158.25,1.644
0.397,0.2978,663.42,367.63
0.4245,0.3879,430.11,349.536
0.2513,0.2682,930.1,65.271
0.5152,0.2884,821.68,3244.547
0.3492,0.375,427.3,123.771
0.1072,0.1917,1589.47,4.258
0.1139,0.1823,2220.09,7.508
0.3557,0.6588,128.17,40.57
0.31,0.3794,387.23,65.332
0.1619,0.5895,184.71,2.373
0.432,0.4495,311.7,282.178
0.1233,0.5098,269.97,1.237
0.2259,0.6188,154.83,7.124
0.3279,0.4898,300.58,65.092
0.5047,0.1428,3000.0,9312.107
0.3443,0.5325,214.47,58.192
0.2014,0.5704,183.37,5.408
0.3679,0.2699,762.13,284.562
0.4873,0.3925,373.03,819.826
0.4784,0.1911,1683.04,3154.421
0.3175,0.1834,1653.22,309.685
0.3865,0.6566,160.14,76.933
0.4702,0.5017,241.7,394.502
0.51,0.2757,896.92,3133.564
0.2179,0.5818,214.6,8.576
0.1797,0.3388,493.13,9.416
0.1777,0.3201,700.45,12.813
0.1874,0.6849,134.13,3.0
0.5052,0.6832,154.49,484.818
0.4383,0.354,461.5,458.237
0.3367,0.3645,483.72,118.219
0.333,0.2558,994.56,231.147
0.5066,0.6247,182.41,590.214
0.303,0.3693,521.13,79.661
0.1259,0.2215,1474.89,7.32
0.493,0.2415,1155.9,2829.056
0.3305,0.6261,169.97,38.127
0.2872,0.5107,268.03,32.591
0.4309,0.5087,277.56,247.19
0.3921,0.199,1807.78,937.292
0.3925,0.316,645.16,336.219
0.1688,0.6489,166.41,2.504
0.2442,0.6673,131.39,8.222
0.365,0.1564,2751.18,987.559
0.1699,0.491,258.18,3.98
0.3514,0.556,225.26,67.252
0.1637,0.5999,183.03,2.451
0.5029,0.647,141.11,422.187
0.4109,0.4272,337.01,226.313
0.1984,0.2512,1117.36,31.126
0.1771,0.1861,1977.73,35.737
0.1579,0.1951,1941.28,22.712
0.3678,0.6379,163.51,60.975
0.1534,0.3811,399.56,4.191
0.4447,0.1607,2588.9,2826.906
0.4128,0.4055,362.73,250.154
0.334,0.6247,190.57,44.888
0.3033,0.1436,2951.73,452.755
0.483,0.4216,398.05,809.083
0.1212,0.3459,504.94,2.169
0.2551,0.3096,589.65,44.001
0.4672,0.4231,363.96,564.537
0.2708,0.6151,164.73,15.681
0.3337,0.3316,646.26,151.501
0.3752,0.5303,221.61,91.37
0.1229,0.2334,1344.47,6.097
0.4165,0.5953,195.44,141.965
0.374,0.2548,939.12,380.514
0.343,0.5123,241.72,64.421
0.4293,0.667,151.52,131.986
0.358,0.4305,303.5,99.052
0.1153,0.4337,336.24,1.193
0.0848,0.2167,1550.93,1.647
0.3652,0.2365,1291.55,465.098
0.342,0.6365,156.16,41.025
0.1529,0.6696,160.2,1.661
0.4019,0.6017,160.49,95.066
0.3169,0.6956,148.75,27.647
0.4246,0.2341,1189.96,968.478
0.1795,0.3104,635.16,12.068
0.2681,0.3878,451.52,41.259
0.3406,0.6509,140.09,36.134
0.3387,0.3377,621.09,156.061
0.1893,0.5566,180.44,4.201
0.3932,0.6894,139.6,73.401
0.3627,0.3759,478.81,166.682
0.4852,0.6271,166.2,351.6
0.3388,0.4093,404.48,101.756
0.1852,0.2197,1194.13,25.575
0.1054,0.3318,549.82,1.378
0.4034,0.4817,279.18,168.945
0.1126,0.3503,578.11,1.873
0.2097,0.3385,578.11,19.927
0.2404,0.262,1085.39,63.865
0.152,0.5851,200.91,2.035
0.1729,0.6233,186.7,3.08
0.2781,0.6762,137.83,14.644
0.137,0.6377,181.69,1.242
0.2776,0.4635,309.05,32.582
0.5139,0.5997,168.9,646.429
0.4562,0.6342,159.96,208.163
0.2846,0.6145,149.52,17.494
0.2009,0.6007,176.03,5.144
0.4852,0.4853,300.51,635.774
0.1531,0.6532,144.46,1.505
0.259,0.6276,178.99,14.206
0.3286,0.5721,198.52,43.434
0.4771,0.3326,628.59,1151.719
0.1367,0.3277,649.64,4.407
0.1367,0.5432,193.93,1.316
0.4187,0.5941,178.64,133.715
0.3149,0.2196,1150.46,208.081
0.4663,0.6261,181.03,276.895
0.119,0.4131,332.68,1.331
0.1266,0.3387,551.71,2.796
0.5053,0.3932,375.29,1181.28
0.332,0.2735,945.8,216.795
0.1874,0.6814,159.25,3.562
0.4063,0.4461,364.23,229.346
0.3933,0.3397,521.81,275.045
0.1954,0.4732,251.17,6.596
0.1392,0.4019,415.15,3.012
0.1133,0.3448,501.75,1.662
0.191,0.3902,378.75,9.109
0.4276,0.3106,588.98,500.525
0.3055,0.5916,183.46,29.041
0.1023,0.3786,498.62,1.112
0.2126,0.5587,208.43,7.575
0.4577,0.3802,483.41,644.2
0.3959,0.3483,470.17,256.741
0.4787,0.1468,3000.0,5653.216
0.1449,0.3238,607.73,5.135
0.1617,0.3486,603.65,7.727
0.2984,0.4742,274.65,39.282
0.5141,0.3496,511.21,1966.088
0.0853,0.2751,981.69,1.068
0.3351,0.2982,682.38,163.226
0.2733,0.4832,315.34,31.183
0.4626,0.2412,1267.66,1825.834
0.1611,0.6406,165.71,2.089
0.2814,0.257,945.54,105.487
0.2508,0.5002,256.5,17.866
0.1352,0.5728,182.51,1.188
0.481,0.4503,289.26,567.704
0.4991,0.3241,648.78,1791.544
0.3349,0.6378,163.09,38.89
0.5157,0.1544,2810.14,11240.903
0.5122,0.2027,1532.89,5639.624
0.3204,0.1912,1915.77,374.189
0.1164,0.4113,361.39,1.33
0.4415,0.3972,394.44,410.593
0.2571,0.6552,158.23,12.184
0.1515,0.6775,156.57,1.566
0.4632,0.5399,243.19,353.839
0.3851,0.5323,246.81,116.302
0.4659,0.6687,130.06,197.679
0.1512,0.5085,288.88,2.871
0.2704,0.1646,2158.98,204.314
0.4603,0.3959,411.7,571.829
0.2074,0.4019,416.83,13.752
0.2057,0.2538,1088.3,34.843
0.1967,0.5112,283.46,7.632
0.3338,0.3998,360.09,84.602
0.3003,0.5849,201.78,29.647
0.4458,0.4754,254.35,282.286
0.2598,0.4013,349.39,28.074
0.2875,0.2674,818.08,99.904
0.3138,0.3012,714.7,127.277
0.2539,0.2418,997.31,73.009
0.4249,0.4504,272.9,222.986
0.2794,0.4337,339.49,36.796
0.5023,0.1673,2043.01,6033.975
0.466,0.3598,549.88,836.43
0.3757,0.5665,186.59,77.449
0.3665,0.1997,1707.2,625.754
0.4332,0.6985,114.46,105.375
0.4527,0.1532,3000.0,3698.703
0.4171,0.5815,201.72,147.601
0.4845,0.3773,434.95,908.223
0.3539,0.313,637.37,196.946
0.4845,0.4183,426.33,891.526
0.1737,0.2164,1186.23,19.901
0.4982,0.4764,307.37,834.867
0.279,0.5004,261.64,28.178
0.3528,0.4387,377.58,114.962
0.2828,0.6041,195.74,22.297
0.35,0.6428,171.91,50.371
0.2228,0.2909,696.77,30.373
0.2377,0.2049,1717.08,96.613
0.4512,0.3853,417.13,502.811
0.3468,0.1452,2716.3,762.301
0.416,0.2185,1512.48,1090.023
0.1708,0.344,549.87,8.652
0.4342,0.1501,3000.0,2802.354
0.2451,0.491,241.01,15.323
0.3232,0.3484,561.41,113.883
0.3224,0.1887,1775.08,356.128
0.1887,0.2293,1373.59,31.585
0.178,0.312,676.86,12.452
0.4905,0.6034,189.09,441.491
0.3939,0.6413,158.59,84.206
0.5112,0.4771,292.68,1050.597
0.1354,0.25,1180.9,7.734
0.1931,0.5429,189.34,4.757
0.1077,0.2449,931.65,2.54
0.1596,0.6185,169.55,2.066
0.2366,0.5644,174.33,9.631
0.4662,0.2542,1104.11,1686.1
0.2919,0.2057,1363.55,177.45
0.2951,0.3681,549.59,74.994
0.2281,0.2153,1218.89,58.276
0.3346,0.1862,1679.76,398.69
0.4331,0.3311,583.0,535.931
0.4139,0.4203,413.32,289.497
0.3474,0.4271,327.53,92.64
0.1429,0.5276,212.96,1.706
0.4875,0.2681,941.05,2078.779
0.1466,0.4074,403.68,3.569
0.0884,0.2855,859.74,1.08
0.3495,0.6293,175.18,51.002
0.4808,0.1434,3000.0,5864.176
0.5038,0.4477,369.55,1125.701
0.1701,0.471,265.38,4.108
0.2628,0.1534,2624.36,220.842
0.3866,0.4922,298.68,143.56
0.3937,0.5132,281.33,149.101
0.1895,0.3485,495.82,11.592
0.1021,0.1808,1929.98,4.279
0.4459,0.6543,158.65,176.246
0.237,0.3381,624.59,34.738
0.4023,0.2604,823.98,491.265
0.2362,0.1691,1953.49,107.091
0.5004,0.1502,2617.89,7436.101
0.4942,0.2377,1140.93,2863.462
0.1863,0.1626,2393.11,52.337
0.2105,0.3358,623.81,21.804
0.119,0.2635,963.44,3.855
0.4613,0.4724,258.68,364.954
0.151,0.4603,334.87,3.308
0.4545,0.3175,580.95,736.413
0.5048,0.3513,488.45,1521.893
0.1897,0.3698,511.71,11.997
0.3809,0.1542,2889.7,1286.251
0.3157,0.6082,192.65,35.208
0.2084,0.5592,206.76,6.961
0.3163,0.472,298.71,55.038
0.5199,0.6981,135.59,601.773
0.3163,0.4686,317.77,58.596
0.4796,0.5649,209.64,401.62
0.5072,0.2392,1211.65,3976.548
0.2285,0.1501,2797.83,134.653
0.3737,0.1935,1800.52,727.216
0.3513,0.1626,2330.68,695.161
0.1179,0.3997,367.0,1.418
0.4847,0.1931,1766.0,3704.808
0.2364,0.5848,166.88,9.187
0.1591,0.273,995.3,11.966
0.4066,0.234,1052.1,665.406
0.207,0.4655,268.87,8.812
0.2391,0.2007,1795.6,103.424
0.4108,0.5947,208.37,139.682
0.4003,0.418,364.94,211.566
0.4492,0.2214,1328.52,1552.809
0.4836,0.3677,429.33,882.766
0.4762,0.4945,252.94,456.481
0.4645,0.4746,297.34,441.702
0.1728,0.6113,149.43,2.459
0.1659,0.5446,204.76,2.887
0.2862,0.3723,437.08,52.374
0.2547,0.2275,1345.1,99.668
0.3697,0.3851,408.9,156.315
0.1186,0.2362,1171.15,4.633
0.4868,0.1715,2200.81,4800.635
0.099,0.2323,1071.48,2.105
0.3699,0.5277,257.9,98.871
0.2053,0.1607,2601.12,82.631
0.4222,0.6207,186.19,146.474
0.3153,0.6979,132.44,24.077
0.3991,0.4125,424.73,242.272
0.1364,0.3294,675.87,4.541
0.2684,0.6813,159.5,14.632
0.4647,0.3374,609.07,908.068
0.3333,0.2304,1213.92,283.038
0.4628,0.2132,1555.15,2246.804
0.1662,0.6685,166.24,2.361
0.2039,0.6795,120.1,3.715
0.314,0.6292,188.58,33.67
0.2474,0.2313,1319.28,87.046
0.1275,0.1576,2724.07,14.175
0.3654,0.2942,673.7,243.157
0.3261,0.4283,311.84,65.835
0.5016,0.2634,1045.02,3039.357
0.4495,0.2456,1133.51,1330.712
0.4884,0.6603,142.01,318.825
0.5014,0.2382,1211.2,3506.832
0.2846,0.2671,977.71,114.413
0.1706,0.1405,2836.49,44.475
0.1569,0.6299,175.51,2.004
0.4749,0.2069,1440.65,2541.377
0.1908,0.4185,349.03,8.365
0.18,0.4445,348.19,6.686
0.13,0.5161,245.54,1.375
0.3964,0.3064,706.21,388.034
0.1983,0.3463,606.19,16.842
0.4327,0.6774,141.15,129.04
0.5198,0.5893,203.29,899.616
0.2774,0.5444,244.77,25.726
0.336,0.5692,195.02,47.185
0.2299,0.1802,1948.35,96.007
0.4203,0.2133,1630.2,1248.906
0.1788,0.3484,524.54,9.827
0.1537,0.3138,660.87,6.986
0.4546,0.2568,1113.27,1413.958
0.3499,0.2335,1367.38,400.099
0.4471,0.4633,316.1,357.759
0.1507,0.5981,199.84,1.961
0.1558,0.2477,913.62,10.163
0.1823,0.2126,1332.77,26.86
0.0976,0.3429,607.0,1.127
0.2592,0.432,389.78,31.034
0.2643,0.3546,519.99,44.761
0.2957,0.6142,189.46,26.078
0.3634,0.167,2233.24,784.794
0.2823,0.1726,2506.63,283.506
0.2688,0.1819,1731.58,159.886
0.439,0.2657,844.52,846.479
0.2944,0.4901,306.89,41.459
0.4246,0.2086,1554.25,1264.969
0.2711,0.5451,186.52,17.839
0.2725,0.6463,148.52,14.499
0.2938,0.2838,754.97,101.019
0.2364,0.5148,244.11,13.433
0.3575,0.3952,414.01,134.353
0.474,0.358,432.85,752.922
0.1236,0.3648,532.29,2.466
0.2127,0.2454,1015.39,36.963
0.1017,0.2842,716.86,1.565
0.1519,0.2433,1000.02,10.099
0.2609,0.3653,543.15,44.399
0.2,0.3716,417.35,11.972
0.4315,0.6988,127.13,114.201
0.2593,0.6034,192.69,15.365
0.352,0.3466,535.02,161.14
0.4218,0.1766,2076.27,1623.037
0.251,0.3913,391.15,27.32
0.3197,0.2104,1376.22,266.059
0.5073,0.6688,144.2,473.791
0.2558,0.323,531.58,40.087
0.342,0.1776,2216.22,582.133
0.1511,0.6809,127.84,1.268
0.4463,0.6953,120.88,135.066
0.2232,0.558,218.1,9.573
0.2817,0.4361,294.07,32.949
0.1617,0.1876,1811.96,23.205
0.1751,0.6817,148.91,2.573
0.1871,0.6591,129.87,2.891
0.2678,0.4027,452.46,41.149
0.1871,0.3963,445.99,9.928
0.3969,0.3008,799.99,442.514
0.3837,0.6692,153.09,70.815
0.0853,0.1451,2956.45,3.214
0.1118,0.1572,2440.18,7.681
0.2582,0.6993,115.16,9.019
0.1375,0.5162,260.76,1.809
0.5006,0.3158,727.61,2074.186
0.5167,0.6591,151.41,619.939
0.2148,0.4509,328.18,12.416
0.4342,0.2911,841.86,786.812
0.2273,0.3157,678.83,32.012
0.1574,0.2718,878.28,10.147
0.1368,0.3068,748.57,5.09
0.1414,0.1568,2491.89,19.231
0.3515,0.2037,1493.04,446.506
0.486,0.4128,393.69,845.784
0.2108,0.1916,1824.03,64.144
0.5165,0.3047,639.36,2603.019
0.2088,0.4454,291.57,9.875
0.4045,0.3932,385.61,236.878
0.4165,0.2379,1149.27,834.443
0.2177,0.2918,785.68,31.289
0.3308,0.567,225.06,50.694
0.2051,0.2149,1461.58,46.214
0.3674,0.6655,163.13,60.484
0.1805,0.6979,152.44,2.96
0.3122,0.2585,1117.23,194.366
0.4851,0.6823,141.32,298.792
0.4636,0.1564,2917.84,4271.895
0.2629,0.3802,455.16,38.389
0.3753,0.591,211.01,87.041
0.2826,0.6115,185.73,21.108
0.5002,0.5999,153.62,434.541
0.472,0.3915,418.99,703.825
0.3901,0.5976,184.55,93.128
0.4725,0.4934,290.57,492.52
0.263,0.4472,315.52,26.62
0.2267,0.363,498.89,23.297
0.3588,0.44,294.43,97.131
0.3144,0.2758,795.46,142.68
0.2584,0.6911,127.61,10.029
0.116,0.3966,411.25,1.491
0.4176,0.3651,484.73,357.16
0.3421,0.1851,2146.29,564.762
0.3026,0.6108,186.4,28.303
0.1427,0.354,527.21,4.209
0.3164,0.5192,254.35,46.951
0.5014,0.4568,312.83,905.801
0.1727,0.2684,893.63,14.682
0.4992,0.323,595.91,1651.875
0.3524,0.2445,932.46,282.386
0.4615,0.4641,296.28,419.273
0.2538,0.1687,2216.5,162.029
0.1376,0.4794,312.53,2.175
0.3198,0.6914,153.81,29.776
0.3564,0.208,1721.95,550.334
0.4154,0.5396,203.64,145.478
0.239,0.6215,163.58,9.404
0.4489,0.5909,204.23,237.667
0.2803,0.1465,2639.84,289.768
0.1345,0.1795,2265.16,14.445
0.152,0.359,575.35,5.82
0.4347,0.559,188.31,177.369
0.4372,0.1478,3000.0,2930.685
0.2992,0.1832,1681.08,243.328
0.2335,0.3499,550.23,28.834
0.1334,0.4844,299.83,1.854
0.4904,0.4448,299.02,696.926
0.2677,0.4846,242.01,21.951
0.2126,0.4751,270.47,9.821
0.4779,0.3498,539.03,1001.501
0.4083,0.4667,339.82,219.895
0.4795,0.3619,465.88,891.055
0.3916,0.1515,3000.0,1543.2
0.2574,0.6068,193.17,14.945
0.2289,0.144,3000.0,145.511
0.3776,0.3085,618.07,263.135
0.379,0.2622,1072.92,465.704
0.1611,0.1719,2257.07,28.454
0.2864,0.5885,169.66,20.375
0.2152,0.5897,189.12,7.205
0.5029,0.2233,1270.74,3797.786
0.3362,0.3337,604.91,146.752
0.2361,0.6674,153.32,8.396
0.3853,0.2686,797.73,377.095
0.2797,0.2722,765.1,83.199
0.2563,0.4534,283.49,21.564
0.4746,0.4054,415.34,729.343
0.4492,0.1464,3000.0,3502.984
0.3978,0.5432,229.6,128.616
0.3943,0.3986,460.87,246.14
0.4345,0.4678,329.84,309.624
0.4643,0.4963,284.54,420.982
0.3231,0.4313,312.0,63.226
0.261,0.2747,905.94,74.108
0.2734,0.4259,332.48,32.913
0.1597,0.5214,216.22,2.64
0.2975,0.6038,169.46,23.91
0.4019,0.1857,1636.07,969.658
0.2443,0.2916,797.36,49.967
0.397,0.4262,369.0,204.387
0.402,0.2374,1105.12,656.103
0.4801,0.3473,579.42,1118.85
0.4637,0.662,151.22,221.842
0.4737,0.4467,356.83,617.424
0.0994,0.2438,1107.52,2.21
0.3411,0.1491,3000.0,778.961
0.2712,0.5734,203.76,19.514
0.2713,0.278,921.67,88.403
0.3369,0.6732,123.72,30.306
0.5187,0.3787,446.72,1925.328
0.4751,0.434,366.5,649.248
0.2433,0.6931,116.64,7.191
0.4967,0.3676,520.19,1371.44
0.2323,0.6863,143.82,7.385
0.4833,0.3814,422.67,864.718
0.3453,0.603,204.75,56.274
0.3177,0.1844,1949.4,366.554
0.3834,0.5883,170.9,78.651
0.1899,0.3322,651.07,15.326
0.1945,0.648,162.71,4.2
0.3611,0.1856,1849.94,630.345
0.3545,0.4351,335.67,104.558
0.3273,0.6704,144.48,31.036
0.3082,0.2777,807.15,132.695
0.2414,0.1957,1832.62,109.571
0.1046,0.2196,1166.82,2.843
0.5093,0.3467,517.55,1781.192
0.1363,0.2251,1144.17,7.683
0.3554,0.1705,2460.92,775.499
0.2776,0.273,754.37,79.51
0.3228,0.4541,350.8,70.832
0.3183,0.4947,246.26,46.693
0.5003,0.5807,182.1,516.381
0.5008,0.3509,502.32,1436.829
0.4282,0.2525,1112.74,953.295
0.3956,0.466,326.12,177.277
0.2172,0.5734,213.86,8.447
0.16,0.6226,190.13,2.34
0.4676,0.1678,2140.78,3344.152
0.4511,0.4117,364.43,438.097
0.3658,0.6261,182.15,66.103
0.4231,0.1999,1753.84,1398.088
0.2513,0.637,179.14,12.57
0.3028,0.4951,231.04,35.172
0.2009,0.361,487.17,14.226
0.2539,0.1621,2455.63,179.616
0.1832,0.3636,440.35,9.05
0.418,0.3739,453.86,336.663
0.0885,0.2096,1440.59,1.815
0.1818,0.6263,186.91,3.731
0.1658,0.6386,171.33,2.409
0.1029,0.2036,1334.13,3.048
0.4211,0.6661,163.84,126.823
0.212,0.5562,181.64,6.524
0.1571,0.6254,155.35,1.782
0.2514,0.673,135.77,9.541
0.2303,0.5031,223.52,11.101
0.2043,0.3377,637.32,19.857
0.3295,0.5535,236.23,52.293
0.3303,0.6259,162.53,36.372
0.246,0.1512,2690.04,173.442
0.3845,0.3964,379.65,177.397
0.3583,0.2276,1244.67,407.836
0.2967,0.4106,424.71,59.3
0.2502,0.1686,2215.37,152.725
0.4164,0.3694,498.47,361.099
0.1275,0.3298,652.0,3.399
0.332,0.5989,171.79,39.377
0.0955,0.321,639.32,1.089
0.152,0.3077,604.27,6.126
0.0983,0.1875,1969.22,3.769
0.24,0.6842,158.11,9.238
0.2598,0.1542,2451.15,197.003
0.4488,0.5896,212.86,247.145
0.1311,0.1658,2039.69,11.797
0.3571,0.3658,522.55,168.621
0.26,0.3245,653.28,52.668
0.4391,0.382,485.15,486.982
0.4569,0.5089,225.63,296.714
0.4903,0.4624,269.94,628.389
0.4042,0.6232,153.16,93.727
0.462,0.6335,154.69,220.551
0.1636,0.5839,214.01,2.865
0.4716,0.3337,523.23,874.179
0.4037,0.6991,150.29,91.297
0.4748,0.4887,310.85,548.222
0.4071,0.5451,194.9,124.062
0.2099,0.2701,832.22,28.796
0.1133,0.3572,555.88,1.844
0.3012,0.4631,302.45,45.004
0.4401,0.1625,2750.23,2802.627
0.4741,0.3065,635.95,1107.577
0.3833,0.2813,774.09,355.926
0.4652,0.3094,752.16,1130.177
0.4912,0.3369,504.18,1192.122
0.3252,0.1618,2606.25,543.968
0.4734,0.2474,1005.33,1731.412
0.3062,0.3127,679.13,108.582
0.1569,0.5029,237.39,2.711
0.1158,0.2483,1197.14,4.325
0.2594,0.6364,138.7,11.075
0.1733,0.2738,809.93,13.473
0.4747,0.6138,156.1,274.531
0.4317,0.529,216.37,195.15
0.2925,0.2904,721.72,94.839
0.2236,0.4299,308.19,13.638
0.3376,0.4432,289.86,71.772
0.0969,0.3462,620.19,1.12
0.4004,0.4175,394.03,228.778
0.4929,0.2415,969.63,2369.362
0.2588,0.6589,159.18,12.583
0.1147,0.2741,941.44,3.279
0.3411,0.2577,866.35,224.998
0.329,0.6317,165.72,36.462
0.1445,0.5017,237.53,1.988
0.3561,0.4672,333.6,106.208
0.4154,0.5946,175.12,125.097
0.1638,0.3454,480.51,6.45
0.3921,0.2337,1290.33,668.735
0.5055,0.1689,2280.87,7209.793
0.2633,0.6004,199.25,16.889
0.3549,0.3539,473.2,148.073
0.4515,0.1949,1704.66,2063.554
0.2698,0.3523,589.04,55.181
0.4123,0.4685,325.3,222.534
0.2504,0.5094,246.11,17.035
0.3988,0.2025,1636.76,929.935
0.1927,0.2636,834.12,20.779
0.2471,0.4706,273.12,17.915
0.1955,0.3762,395.97,10.411
0.2181,0.2752,784.62,31.474
0.1885,0.5468,249.46,5.715
0.3856,0.5482,239.73,113.762
0.2259,0.4203,384.0,17.676
0.2044,0.3105,771.81,24.101
0.5067,0.5475,244.36,793.306
0.5059,0.1773,2160.32,6896.274
0.4911,0.6532,158.53,374.439
0.3099,0.3078,599.16,100.992
0.4964,0.6398,154.94,405.997
0.3312,0.6494,131.31,29.751
0.1943,0.683,136.45,3.504
0.2496,0.3306,602.04,41.155
0.3861,0.1418,3000.0,1432.338
0.154,0.2464,1058.31,11.268
0.5011,0.3792,448.71,1293.371
0.4032,0.1534,2832.18,1709.538
0.3779,0.6092,193.98,82.849
0.2355,0.2726,947.99,51.396
0.3364,0.595,174.08,42.371
0.0887,0.1983,1801.69,2.287
0.3745,0.3909,423.78,172.921
0.2979,0.4091,399.09,56.641
0.1174,0.3559,447.04,1.702
0.2274,0.218,1488.48,70.255
0.4441,0.5508,231.54,250.541
0.2609,0.2712,756.28,61.791
0.4814,0.4946,283.35,559.875
0.1882,0.23,1113.37,25.342
0.3641,0.1655,2689.71,953.239
0.2371,0.4955,239.88,13.351
0.1864,0.1921,1970.53,43.233
0.401,0.5687,180.42,105.592
0.3663,0.6254,185.82,67.903
0.5132,0.5132,230.92,869.112
0.2583,0.4738,255.47,20.038
0.3869,0.5209,248.1,119.773
0.2006,0.1845,1672.6,48.607
0.3781,0.4568,351.55,150.556
0.3279,0.5901,166.33,36.021
0.4393,0.6357,140.89,141.97
0.2594,0.2303,1283.23,102.439
0.1713,0.2734,976.42,15.544
0.1162,0.3974,387.75,1.417
0.3256,0.3343,657.07,137.84
0.5158,0.3711,453.95,1819.238
0.1517,0.2709,758.96,7.635
0.206,0.2786,874.05,28.098
0.0959,0.3098,629.32,1.092
0.2847,0.1737,2195.11,257.158
0.5156,0.2184,1369.63,5462.303
0.3099,0.1706,2550.45,429.715
0.1264,0.2645,934.3,4.701
0.3806,0.3897,398.93,176.963
0.3034,0.3748,395.84,60.845
0.2432,0.5724,178.77,11.016
0.4361,0.5937,204.74,196.804
0.2192,0.1887,1717.66,70.335
0.4698,0.4849,254.32,412.227
0.1414,0.3036,676.92,5.214
0.2657,0.3052,694.79,61.146
0.2347,0.6493,157.34,8.42
0.4168,0.14,3000.0,2188.124
0.4351,0.3974,417.31,394.998
0.3612,0.626,163.6,55.796
0.3447,0.5987,202.21,55.135
0.1413,0.146,3000.0,23.044
0.3546,0.3693,484.12,151.028
0.3549,0.4602,337.59,105.773
0.3751,0.2909,716.92,295.084
0.2735,0.5006,250.1,24.806
0.1899,0.2874,668.96,15.737
0.1864,0.1469,2982.0,65.449
0.1488,0.561,210.76,1.97
0.5053,0.3883,407.9,1284.291
0.0892,0.1593,2520.38,3.283
0.3502,0.2725,871.0,256.04
0.2191,0.1712,2290.38,93.527
0.4016,0.3752,472.57,278.863
0.2651,0.4211,411.66,35.912
0.1088,0.3166,656.31,1.859
0.3515,0.5358,203.8,60.978
0.3555,0.4138,368.45,116.381
0.3946,0.4722,252.49,135.477
0.1138,0.3386,575.52,1.941
0.4889,0.2547,1091.64,2475.611
0.3537,0.6229,190.1,58.58
0.3802,0.3165,577.36,254.433
0.3896,0.4428,291.4,146.005
0.4312,0.504,271.42,243.053
0.4167,0.4118,343.05,249.595
0.4244,0.665,155.45,126.19
0.3848,0.6093,198.41,93.052
0.4509,0.3897,454.8,545.331
0.2502,0.6646,131.17,9.045
0.5142,0.5626,189.9,732.314
0.1945,0.5493,246.57,6.358
0.4576,0.5987,183.57,244.234
0.5156,0.3205,691.53,2755.179
0.2203,0.6131,148.18,6.188
0.1992,0.2786,727.35,20.546
0.1818,0.4214,391.53,7.81
0.1945,0.2293,1110.17,28.646
0.2343,0.4704,284.31,15.094
0.1349,0.5848,177.3,1.144
0.4216,0.5075,227.99,177.932
0.3765,0.3922,454.14,190.325
0.251,0.292,837.78,58.563
0.2836,0.6262,177.04,20.395
0.3372,0.6828,134.3,33.051
0.4397,0.3314,549.07,556.132
0.3121,0.285,692.96,120.489
0.4763,0.3762,428.61,775.175
0.2111,0.3194,572.89,20.273
0.1578,0.6929,133.11,1.554
0.5127,0.2188,1236.39,4602.739
0.2183,0.4248,404.24,16.283
0.5069,0.3851,403.47,1315.41
0.1919,0.3426,549.09,13.465
0.492,0.1758,2306.93,5539.854
0.4889,0.4518,325.29,737.534
0.3455,0.3404,585.92,161.569
0.3864,0.3303,635.85,304.805
0.2822,0.5796,216.24,24.401
0.1982,0.1965,1514.74,41.981
0.2086,0.65,165.55,5.587
0.1528,0.5357,228.9,2.366
0.4456,0.2071,1621.69,1794.748
0.4668,0.669,143.79,221.755
0.2925,0.2147,1232.12,161.836
0.3569,0.5296,228.57,73.572
0.2308,0.2154,1230.91,61.632
0.3289,0.2895,863.44,189.651
0.3891,0.3413,523.41,260.376
0.2954,0.692,125.25,17.145
0.2717,0.598,161.06,15.527
0.3813,0.2311,1367.51,611.834
0.5052,0.4523,303.15,952.639
0.2539,0.5479,206.52,15.108
0.3417,0.5538,182.23,47.713
0.4647,0.6051,162.83,242.615
0.1559,0.4581,290.86,3.242
0.3169,0.6514,148.03,27.509
0.252,0.4729,290.36,20.618
0.1647,0.1971,1880.45,25.788
0.1936,0.3971,471.53,11.958
0.3711,0.411,327.64,127.792
0.3887,0.3972,356.95,176.525
0.215,0.3377,590.86,22.418
0.3471,0.3577,468.47,132.028
0.4671,0.5033,287.38,445.505
0.1312,0.5978,175.39,1.018
0.423,0.3361,499.17,397.269
0.4506,0.3061,605.72,722.484
0.2466,0.6122,180.96,11.786
0.3079,0.2186,1430.32,234.334
0.234,0.6599,129.82,6.863
0.1017,0.2694,1002.34,2.185
0.351,0.2453,1033.42,307.065
0.4912,0.5259,257.82,609.611
0.4308,0.224,1190.71,1059.525
0.3366,0.5489,206.97,50.503
0.2702,0.1574,2433.06,229.528
0.4669,0.5462,192.55,297.296
0.3397,0.3421,487.22,124.077
0.3065,0.3412,574.0,92.188
0.2681,0.2301,1301.66,118.896
0.454,0.2499,923.93,1161.792
0.4192,0.1997,1422.21,1072.372
0.3541,0.4937,285.36,88.396
0.2841,0.6492,156.03,18.129
0.1943,0.495,268.41,6.9
0.4045,0.4268,376.05,230.912
0.3394,0.4834,289.6,73.407
0.1857,0.1825,1734.62,37.477
0.4446,0.5787,181.08,197.389
0.4257,0.2063,1486.44,1228.845
0.4212,0.292,761.64,590.337
0.1523,0.2053,1563.99,15.974
0.2704,0.5238,224.96,21.282
0.3437,0.4277,332.79,89.49
0.1433,0.1448,2652.69,21.508
0.4769,0.5917,212.63,388.181
0.5195,0.3229,669.76,2944.785
0.3666,0.6047,162.13,59.492
0.3544,0.5032,238.83,74.283
0.1749,0.509,242.92,4.182
0.3945,0.3043,707.42,378.711
0.1147,0.388,400.88,1.396
0.5063,0.5598,184.4,593.243
0.2096,0.148,3000.0,103.243
0.4676,0.6344,169.19,264.45
0.351,0.4957,228.49,67.837
0.358,0.3911,398.53,130.153
0.1122,0.2933,864.68,2.759
0.4673,0.2608,1006.51,1563.927
0.244,0.2855,851.12,53.098
0.3454,0.1846,2011.34,553.699
0.1243,0.2743,770.94,3.643
0.1795,0.4987,298.95,5.675
0.4367,0.6711,126.63,122.768
0.2054,0.2371,1293.99,41.193
0.2694,0.2067,1526.74,142.291
0.1323,0.2058,1603.17,9.601
0.1925,0.3442,605.36,15.012
0.481,0.1517,2667.59,5235.266
0.1373,0.5003,236.08,1.63
0.4389,0.4745,279.49,279.978
0.2766,0.4209,339.1,35.197
0.3624,0.37,473.22,164.007
0.4421,0.2716,921.29,967.628
0.4565,0.432,302.69,395.869
0.2793,0.6696,152.66,16.502
0.4846,0.6962,115.79,242.401
0.4089,0.4053,343.15,223.952
0.4975,0.6808,153.24,410.194
0.3049,0.3895,488.5,76.65
0.3339,0.6388,163.94,38.577
0.4744,0.1473,2623.92,4592.021
0.4335,0.6604,144.81,134.042
0.4128,0.3943,406.99,280.334
0.2671,0.1526,2598.16,233.626
0.3905,0.5255,226.51,114.795
0.2114,0.6668,135.64,4.826
0.3961,0.6231,151.32,82.847
0.5162,0.4449,373.96,1512.054
0.2975,0.1722,2223.75,314.161
0.5156,0.3147,625.01,2494.1
0.4593,0.6129,163.62,223.603
0.3002,0.5269,247.98,36.374
0.2418,0.1725,1929.13,116.169
0.369,0.6824,143.93,54.518
0.2256,0.279,957.01,43.818
0.4369,0.4961,255.21,248.119
0.4394,0.2417,1069.54,1078.626
0.3266,0.2022,1565.29,332.933
0.2032,0.5709,180.7,5.513
0.2182,0.6765,122.16,4.913
0.4396,0.661,130.7,132.262
0.4611,0.1653,2040.29,2867.749
0.2669,0.6484,154.94,13.898
0.3094,0.1783,1964.74,328.857
0.3637,0.3613,529.87,186.962
0.1051,0.298,679.51,1.686
0.2782,0.5635,195.38,20.774
0.4365,0.3806,482.31,466.012
0.3486,0.6076,187.19,53.787
0.1504,0.3985,349.11,3.4
0.4089,0.1605,2334.63,1523.906
0.4825,0.2586,868.51,1751.793
0.1448,0.1444,3000.0,25.305
0.3908,0.1577,2956.14,1506.15
0.1488,0.2801,840.51,7.862
0.111,0.244,1145.92,3.515
0.3244,0.3032,689.71,142.394
0.4419,0.6719,153.74,160.975
0.2992,0.451,340.58,49.278
0.2804,0.6389,162.54,17.882
0.3353,0.4388,348.48,83.53
0.1236,0.4889,267.66,1.239
0.4572,0.6474,144.69,191.174
0.4233,0.4558,290.48,232.089
0.4276,0.4851,238.48,202.731
0.3281,0.4202,320.64,69.657
0.0973,0.2084,1475.44,2.71
0.1403,0.4398,307.37,2.302
0.1447,0.6589,149.37,1.257
0.1616,0.6264,179.39,2.291
0.5061,0.5873,176.75,566.514
0.503,0.5203,249.54,748.188
0.2162,0.6859,134.46,5.212
0.3765,0.6143,163.19,68.426
0.212,0.4056,355.74,12.779
0.3864,0.5332,206.11,98.885
0.2015,0.5359,196.63,5.812
0.3571,0.3731,420.34,135.528
0.3761,0.1854,2146.13,894.7
0.3888,0.4516,305.17,151.135
0.2063,0.584,195.02,6.314
0.2449,0.3,802.09,50.83
0.2071,0.3512,510.27,16.77
0.4817,0.4604,277.3,551.493
0.4238,0.4638,270.11,217.32
0.3661,0.2517,1081.1,394.13
0.1997,0.5653,200.36,5.715
0.4463,0.5903,207.02,231.653
0.447,0.5547,188.64,213.244
0.2557,0.3694,544.63,41.019
0.2271,0.5795,205.59,9.654
0.3113,0.2361,1086.04,186.629
0.4119,0.3602,514.64,350.148
0.3791,0.1717,1896.12,823.265
0.4532,0.4161,372.31,462.595
0.2453,0.1926,1792.86,114.198
0.1327,0.3291,680.04,4.127
0.3566,0.289,670.54,214.978
0.3351,0.4425,287.15,68.663
0.1315,0.2201,1447.34,8.478
0.4679,0.5959,193.21,303.557
0.3047,0.4845,311.05,48.65
0.4484,0.235,1006.8,1162.848
0.3189,0.2125,1386.43,264.992
0.1073,0.33,597.9,1.608
0.3773,0.425,398.92,169.015
0.4184,0.6691,160.43,119.533
0.5075,0.3256,609.99,2013.483
0.2945,0.6409,172.45,23.306
0.2381,0.6012,197.14,11.153
0.4154,0.4714,265.52,189.721
0.394,0.6293,145.78,77.545
0.1763,0.3227,672.23,11.92
0.1153,0.407,407.65,1.445
0.3189,0.2675,1034.52,197.833
0.3474,0.3054,621.06,175.678
0.5178,0.2374,1117.6,4699.349
0.5069,0.1523,3000.0,9767.544
0.371,0.2437,987.39,384.405
0.1814,0.1408,3000.0,59.31
0.2708,0.1919,1897.19,180.464
0.1706,0.5372,192.88,3.024
0.191,0.6289,148.01,3.564
0.3085,0.2506,1129.5,186.56
0.1218,0.3164,570.89,2.497
0.1842,0.4917,295.47,6.189
0.4376,0.6705,165.68,162.834
0.3806,0.4184,384.4,170.469
0.2124,0.5366,196.46,7.116
0.4913,0.2805,732.1,1735.316
0.3561,0.6293,187.99,59.832
0.4492,0.23,1053.81,1232.0
0.2189,0.2101,1540.62,62.698
0.1894,0.3175,704.59,16.41
0.3941,0.6006,196.61,104.772
0.5058,0.3863,406.71,1294.543
0.4273,0.3124,748.87,633.445
0.4223,0.2635,842.19,663.601
0.1475,0.3453,524.54,4.743
0.2785,0.5425,226.6,24.214
0.4478,0.326,647.03,739.669
0.3605,0.589,185.46,62.608
0.4418,0.1719,2145.78,2244.527
0.4279,0.3185,664.95,567.562
0.264,0.5641,228.67,19.601
0.5146,0.6687,125.29,487.108
0.2492,0.3343,569.73,38.673
0.1431,0.2248,1260.19,10.169
0.1936,0.3998,361.86,9.166
0.3755,0.4862,263.32,109.013
0.2737,0.2083,1495.32,148.606
0.2053,0.3505,569.64,18.071
0.2575,0.215,1206.84,93.546
0.1305,0.6217,179.43,1.021
0.4303,0.2923,804.73,711.294
0.4847,0.334,556.07,1167.138
0.2918,0.5934,209.53,27.225
0.4989,0.5532,218.57,601.828
0.4982,0.4657,294.0,798.034
0.3023,0.6816,136.46,20.637
0.2275,0.5896,159.2,7.531
0.307,0.2899,851.55,137.658
0.4837,0.3027,703.09,1448.152
0.4414,0.3383,594.58,618.254
0.4219,0.4527,309.95,242.951
0.4148,0.3482,518.92,368.035
0.4039,0.3192,639.07,389.105
0.1375,0.6365,158.03,1.096
0.3905,0.6581,135.68,68.759
0.2479,0.5741,187.88,12.494
0.5137,0.5245,218.07,829.584
0.2311,0.6074,199.23,10.024
0.146,0.3218,672.3,5.852
0.4788,0.2023,1585.21,2993.314
0.1267,0.5745,215.14,1.095
0.2573,0.2372,1223.11,94.478
0.2335,0.6605,163.75,8.584
0.1001,0.2184,1271.33,2.607
0.2501,0.4263,356.82,24.57
0.4321,0.2753,746.34,676.234
0.3025,0.667,162.58,24.653
0.1537,0.1986,1716.17,18.124
0.1812,0.2075,1317.84,25.956
0.441,0.5656,175.67,181.516
0.3726,0.2382,1287.93,512.466
0.278,0.329,667.4,70.817
0.4267,0.3064,616.52,517.379
0.2168,0.3221,669.66,26.268
0.2643,0.4297,308.16,26.554
0.3077,0.381,423.1,69.076
0.3014,0.2486,1165.31,173.938
0.1721,0.3475,535.89,8.682
0.1547,0.4311,332.69,3.601
0.1966,0.1517,2469.51,66.416
0.2163,0.3024,789.87,30.693
0.2961,0.6592,131.88,18.243
0.3847,0.6951,119.53,55.995
0.2238,0.2234,1226.7,54.479
0.252,0.6868,156.59,11.12
0.4326,0.3596,540.56,493.89
0.149,0.5227,244.57,2.296
0.2969,0.3664,488.66,68.359
0.4463,0.2589,877.1,980.355
0.1253,0.2105,1677.24,8.163
0.3492,0.3491,494.1,143.216
0.4355,0.5669,220.34,209.745
0.3869,0.3065,779.93,376.407
0.2701,0.3031,731.32,68.806
0.192,0.5216,257.52,6.329
0.177,0.4904,276.13,4.976
0.4381,0.4845,260.78,258.248
0.1415,0.5853,172.73,1.335
0.4399,0.622,143.15,145.535
0.1469,0.1744,2318.26,20.636
0.4524,0.2114,1409.73,1730.902
0.484,0.197,1677.69,3476.264
0.2244,0.3942,451.15,20.237
0.3843,0.6808,135.78,63.311
0.4669,0.6807,133.6,206.446
0.1677,0.6385,149.26,2.19
0.3858,0.4577,337.8,160.64
0.2499,0.6814,148.29,10.176
0.4547,0.2277,1432.2,1820.423
0.299,0.1991,1717.45,247.896
0.4345,0.3238,565.91,531.373
0.2762,0.2437,1108.46,114.516
0.1736,0.1586,2432.53,40.684
0.4403,0.3289,659.9,674.615
0.4068,0.3783,433.26,274.706
0.3186,0.4706,294.24,55.997
0.4058,0.5639,210.97,131.992
0.4495,0.3549,527.05,618.747
0.1968,0.4824,294.25,7.944
0.2213,0.2633,895.8,38.05
0.4061,0.4617,336.19,211.113
0.2363,0.5174,210.91,11.596
0.1051,0.1991,1682.32,4.173
0.1174,0.4474,313.08,1.191
0.1787,0.5388,206.24,3.851
0.3543,0.3253,533.82,165.688
0.5067,0.1642,2694.73,8753.465
0.2554,0.222,1266.82,94.967
0.4787,0.32,630.13,1187.64
0.2177,0.6208,150.04,5.976
0.4818,0.4264,357.75,712.601
0.2264,0.6664,139.49,6.476
0.2361,0.364,425.46,23.302
0.3844,0.5176,277.55,129.509
0.4407,0.6996,121.3,124.655
0.4626,0.1894,1963.37,2830.196
0.4302,0.2381,1206.29,1064.098
0.4616,0.5367,248.49,352.297
0.4134,0.2979,692.58,481.53
0.2513,0.5503,226.57,15.917
0.3465,0.2056,1462.1,408.385
0.4288,0.1787,2020.52,1746.918
0.387,0.6441,170.39,82.434
0.3339,0.3335,637.66,149.929
0.1825,0.4155,355.04,7.179
0.3592,0.5868,182.86,60.703
0.4112,0.2288,1383.3,932.371
0.4553,0.3049,675.13,866.828
0.1326,0.5394,240.87,1.457
0.3743,0.5872,212.95,86.692
0.2768,0.4763,287.83,29.972
0.3459,0.4928,261.01,72.324
0.2301,0.2035,1768.78,87.462
0.0948,0.1751,2378.91,3.939
0.2513,0.3017,683.33,47.975
0.1845,0.4269,314.28,6.625
0.2272,0.1547,2329.23,109.609
0.2807,0.5797,176.0,19.426
0.2593,0.368,417.53,33.284
0.4241,0.561,225.32,182.01
0.236,0.3009,674.25,36.88
0.4796,0.2742,772.68,1480.694
0.4659,0.2762,865.1,1315.147
0.2448,0.4905,270.44,17.107
0.4136,0.5298,207.55,144.715
0.4163,0.4893,292.86,212.039
0.427,0.2249,1212.1,1020.789
0.1935,0.2357,1229.25,31.082
0.1371,0.5187,267.61,1.837
0.1421,0.4597,278.55,2.19
0.2898,0.5251,251.46,31.758
0.1532,0.3527,541.03,5.638
0.4994,0.5428,249.11,692.418
0.5033,0.425,354.74,1069.972
0.2385,0.1891,2056.45,117.133
0.2732,0.3511,521.42,51.47
0.1929,0.5063,230.57,5.761
0.2969,0.3249,543.17,76.028
0.4419,0.2142,1570.34,1643.681
0.3053,0.4351,349.65,55.155
0.4148,0.1598,2733.95,1938.802
0.5039,0.2005,1606.39,4910.008
0.4349,0.6205,194.03,183.303
0.3776,0.5206,271.92,115.74
0.2337,0.5465,243.53,12.798
0.1168,0.2582,1048.59,3.903
0.3605,0.5466,248.6,83.94
0.4826,0.4385,303.36,613.115
0.4565,0.6049,172.15,225.147
0.1448,0.6849,149.34,1.259
0.4429,0.3348,610.95,648.776
0.2181,0.4413,367.84,14.761
0.5031,0.514,278.0,834.094
0.3419,0.1456,3000.0,786.811
0.246,0.3716,405.8,26.179
0.3201,0.6672,141.02,27.399
0.2222,0.4305,372.05,16.055
0.498,0.6723,146.96,397.506
0.2699,0.2114,1359.54,127.667
0.4475,0.3196,576.38,656.601
0.2134,0.1966,1778.9,65.638
0.4537,0.5083,256.77,321.261
0.3843,0.5852,170.63,79.556
0.2437,0.5655,193.43,12.015
0.362,0.2419,1059.8,365.244
0.4115,0.3507,462.45,312.964
0.1772,0.1618,2137.26,38.65
0.1727,0.6762,121.22,1.99
0.352,0.1966,1471.44,443.081
0.3308,0.1944,1778.97,401.133
0.4907,0.5452,223.76,524.571
0.1448,0.3069,605.31,5.098
0.1751,0.487,286.45,4.949
0.2704,0.4399,333.57,31.572
0.2819,0.5503,221.49,24.911
0.1888,0.3923,375.36,8.65
0.4968,0.2259,1306.96,3449.618
0.1706,0.2027,1473.08,23.066
0.4913,0.6492,169.04,400.895
0.1804,0.2781,836.45,16.207
0.1173,0.4013,401.36,1.519
0.3944,0.5097,233.67,125.001
0.3217,0.4709,306.58,60.966
0.36,0.1686,2119.46,711.254
0.2148,0.1625,2525.4,95.556
0.4564,0.534,226.14,295.277
0.1888,0.6276,162.31,3.736
0.4938,0.6742,160.8,400.07
0.4742,0.1979,1736.81,3027.715
0.4465,0.4426,366.18,410.611
0.5054,0.2656,966.46,3049.438
0.4513,0.3978,375.98,453.474
0.2278,0.4844,312.44,14.849
0.3543,0.2135,1344.31,417.77
0.5042,0.3552,444.05,1364.119
0.4851,0.4673,301.09,636.593
0.4734,0.2688,822.34,1415.291
0.3192,0.6476,160.75,30.841
0.2458,0.6305,183.39,11.789
0.1724,0.6429,143.35,2.335
0.3841,0.2921,691.04,321.064
0.1581,0.5603,226.07,2.655
0.2263,0.3167,571.59,26.475
0.513,0.514,255.93,958.609
0.3026,0.4824,238.92,36.286
0.4079,0.27,866.01,557.554
0.3664,0.6017,175.09,64.076
0.1992,0.3858,381.43,10.777
0.1807,0.1831,1816.35,35.377
0.4331,0.6224,149.54,137.46
0.2685,0.1552,2928.82,268.987
0.4909,0.317,648.05,1525.136
0.4727,0.3883,444.97,756.89
0.4153,0.6643,166.79,119.114
0.3196,0.2295,1304.53,251.819
0.2448,0.6724,153.77,9.722
0.1613,0.1734,2230.28,28.288
0.2663,0.1874,1911.08,169.676
0.2275,0.1775,2356.51,111.541
0.444,0.1635,2373.37,2564.123
0.466,0.5548,223.63,340.587
0.3777,0.4728,299.81,127.703
0.3121,0.5428,246.41,42.795
0.2456,0.657,152.59,9.767
0.3919,0.1447,2842.09,1468.061
0.213,0.2852,725.77,26.579
0.1441,0.5306,240.8,1.992
0.3283,0.6163,155.8,33.91
0.0983,0.3204,644.7,1.23
0.3423,0.6976,130.97,34.539
0.3891,0.4534,269.69,134.143
0.2009,0.4057,375.25,10.951
0.2102,0.5117,282.85,9.838
0.2258,0.5184,234.35,10.766
0.1562,0.383,429.72,4.825
0.1569,0.6192,155.65,1.779
0.2102,0.1406,3000.0,104.255
0.5042,0.19,1901.53,5844.859
0.117,0.2305,1369.54,5.143
0.2091,0.573,199.07,6.778
0.4031,0.2569,854.15,514.821
0.3421,0.4041,387.55,101.954
0.3122,0.6961,117.01,20.359
0.2801,0.5179,255.26,27.936
0.3584,0.6619,130.66,42.871
0.1386,0.2863,773.5,5.528
0.2448,0.5867,181.3,11.463
0.1108,0.1717,1953.48,5.953
0.3962,0.2019,1371.88,752.305
0.4485,0.2743,784.84,907.127
0.3623,0.2855,889.79,307.803
0.3473,0.2355,1019.14,287.926
0.0983,0.2231,1496.94,2.86
0.4773,0.6173,179.18,329.509
0.5133,0.6098,155.12,585.461
0.4952,0.6777,142.45,364.436
0.4603,0.405,451.95,627.695
0.1113,0.1786,2306.07,7.145
0.3708,0.1839,1946.89,756.352
0.404,0.1689,1969.79,1202.514
0.3138,0.5194,235.8,41.951
0.4896,0.5261,247.25,567.895
0.2524,0.5304,209.79,15.002
0.3714,0.5406,206.96,80.986
0.1831,0.3332,502.79,10.313
0.3082,0.2404,1283.06,211.118
0.5146,0.2164,1469.2,5719.296
0.2424,0.2078,1469.06,89.279
0.329,0.6534,166.0,36.487
0.4717,0.5363,196.3,328.062
0.3033,0.6296,163.68,25.097
0.2703,0.3146,657.88,62.126
0.3698,0.4381,298.38,114.344
0.2474,0.687,121.63,8.019
0.1138,0.1423,3000.0,10.112
0.416,0.4331,318.12,229.383
0.177,0.2622,1051.6,18.955
0.3267,0.4919,283.81,60.454
0.3182,0.6793,134.19,25.385
0.3862,0.5842,179.97,86.07
0.4159,0.2009,1843.68,1327.975
0.3806,0.1826,2154.06,955.32
0.3775,0.5357,233.96,99.387
0.2836,0.6894,136.1,15.684
0.3475,0.3132,726.77,205.769
0.4283,0.3927,381.42,327.277
0.1481,0.6691,155.51,1.429
0.2526,0.6708,128.92,9.239
0.2643,0.3965,383.28,33.037
0.235,0.1641,2180.44,117.262
0.1699,0.3745,424.55,6.544
0.2533,0.4806,276.74,20.047
0.2646,0.1683,1976.56,171.135
0.1948,0.1451,3000.0,77.82
0.3612,0.3309,682.11,232.62
0.1905,0.6128,172.28,4.107
0.3619,0.5133,221.74,76.302
0.325,0.6642,155.98,32.45
0.4693,0.5539,197.73,317.893
0.1341,0.6376,160.01,1.009
0.4168,0.2817,908.97,662.228
0.1469,0.3866,449.99,4.009
0.2366,0.2232,1342.94,74.183
0.4396,0.4509,322.53,326.211
0.3884,0.1807,2181.73,1075.53
0.4433,0.3,814.79,871.104
0.2006,0.592,168.53,4.894
0.2585,0.2347,1348.68,106.114
0.2385,0.2914,844.07,48.111
0.282,0.3098,764.94,86.136
0.1258,0.5456,223.47,1.106
0.1706,0.3374,506.97,7.941
0.5064,0.6349,181.93,586.579
0.2647,0.4976,254.48,22.048
0.3,0.3707,525.6,76.974
0.4119,0.6543,172.36,117.282
0.3897,0.1424,2883.45,1446.245
0.1199,0.2871,877.18,3.617
0.3084,0.4083,334.35,55.145
0.448,0.4474,294.47,338.01
0.2135,0.5779,210.18,7.762
0.4575,0.5135,241.75,321.095
0.3744,0.3989,397.71,162.046
0.4123,0.4874,290.4,198.661
0.2345,0.1925,1746.52,93.16
0.1284,0.2676,887.56,4.751
0.4449,0.6322,166.12,181.835
0.1359,0.4325,375.71,2.493
0.4479,0.2267,1189.53,1362.135
0.2329,0.1682,1989.37,103.237
0.276,0.2571,850.3,87.577
0.336,0.3648,464.66,112.433
0.4115,0.2142,1436.85,972.977
0.3903,0.3949,437.8,221.277
0.2551,0.6034,160.87,11.993
0.3351,0.2332,1270.88,303.929
0.4235,0.3585,517.57,414.75
0.3471,0.4462,300.29,84.609
0.5146,0.3796,435.54,1694.336
0.1612,0.3316,578.78,7.325
0.327,0.5717,198.47,42.43
0.5073,0.4548,334.46,1099.903
0.3206,0.4061,444.19,87.001
0.1397,0.6874,156.74,1.155
0.138,0.6246,149.5,1.05
0.4198,0.4313,386.36,293.875
0.1596,0.5875,178.94,2.179
0.4437,0.5885,165.38,177.793
0.3325,0.36,430.57,99.4
0.4816,0.4818,283.91,563.579
0.4654,0.4419,311.15,468.846
0.1804,0.2587,1003.21,19.41
0.1049,0.3494,603.44,1.486
0.3158,0.4136,368.86,67.53
0.1914,0.1456,3000.0,72.849
0.4843,0.2813,884.57,1842.927
0.2148,0.5818,188.92,7.142
0.4662,0.6326,180.5,275.807
0.1822,0.6438,151.38,3.043
0.389,0.696,119.36,59.295
0.3042,0.4456,313.52,48.71
0.4106,0.6671,153.78,102.831
0.0934,0.2545,955.57,1.493
0.4536,0.3547,465.22,581.571
0.1202,0.4904,274.4,1.142
0.4184,0.3783,463.15,345.235
0.232,0.3279,691.16,35.289
0.29,0.3365,550.51,69.751
0.1964,0.5107,272.76,7.31
0.3377,0.6665,149.62,37.096
0.1342,0.3123,751.64,4.758
0.1117,0.1799,1714.37,5.387
0.4438,0.4339,373.84,402.71
0.3951,0.5355,235.02,126.824
0.4007,0.1934,1700.22,991.182
0.376,0.5861,175.03,72.895
0.434,0.5728,201.01,187.269
0.1358,0.3594,452.35,2.993
0.352,0.5776,206.7,62.266
0.5097,0.5015,292.1,1013.141
0.2898,0.5423,204.29,25.81
0.2026,0.677,126.63,3.823
0.3094,0.6866,122.4,20.468
0.2608,0.6483,164.6,13.439
0.3578,0.4714,310.35,101.038
0.3901,0.253,1068.0,538.322
0.2395,0.4651,312.37,18.088
0.2429,0.1487,3000.0,183.78
0.4575,0.3107,611.08,811.203
0.3721,0.4058,435.49,172.015
0.3816,0.381,407.61,183.277
0.3062,0.5788,187.97,30.034
0.2707,0.6984,135.61,12.89
0.4178,0.2038,1632.19,1206.925
0.4243,0.6958,123.81,100.304
0.3052,0.4106,371.91,58.581
0.2109,0.4564,329.71,11.619
0.4703,0.5767,203.75,332.949
0.1938,0.1556,2790.6,70.986
0.379,0.1827,1815.82,788.037
0.4851,0.3332,507.23,1071.775
0.1019,0.2239,1310.64,2.888
0.1586,0.5055,234.36,2.784
0.1621,0.6398,160.65,2.074
0.1658,0.603,182.1,2.56
0.4417,0.353,564.65,589.561
0.2343,0.5728,216.14,11.485
0.1852,0.5645,219.89,4.705
0.4824,0.3831,410.93,826.982
0.4187,0.6862,141.08,105.608
0.1304,0.3549,509.14,2.886
0.4852,0.1742,1998.53,4228.985
0.4064,0.6151,167.8,105.872
0.2753,0.6262,149.73,15.239
0.1514,0.1471,3000.0,29.921
0.2798,0.5254,210.05,22.873
0.4805,0.3544,537.84,1046.193
0.3022,0.5705,173.47,26.184
0.3317,0.4271,334.27,76.285
0.2294,0.5963,159.78,7.805
0.1476,0.4607,285.81,2.592
0.2709,0.6496,148.38,14.136
0.246,0.589,183.66,11.835
0.427,0.4297,345.76,291.224
0.4384,0.2978,648.81,644.578
0.1765,0.6865,131.18,2.336
0.3228,0.3397,554.46,111.822
0.4611,0.6702,127.61,179.409
0.1691,0.6765,136.39,2.066
0.1585,0.4161,328.34,3.9
0.2061,0.4709,251.88,8.114
0.5039,0.4307,369.13,1128.48
0.4304,0.5541,220.95,195.541
0.2205,0.6473,137.75,5.764
0.3362,0.3479,553.46,134.293
0.1221,0.1532,2886.0,12.753
0.5149,0.6873,149.74,586.852
0.4641,0.42,393.98,580.984
0.214,0.1947,1809.51,67.484
0.2963,0.176,2151.05,298.494
0.3365,0.376,513.93,125.338
0.4223,0.5661,183.84,144.893
0.212,0.4738,283.8,10.195
0.3555,0.1822,1731.17,546.232
0.3854,0.4271,335.54,158.804
0.3648,0.2119,1513.18,541.949
0.2929,0.6426,176.66,23.338
0.4483,0.2964,771.62,889.27
0.1329,0.2887,666.87,4.064
0.2456,0.5939,211.22,13.539
0.3339,0.34,610.83,143.744
0.2883,0.6185,161.74,19.983
0.3402,0.3634,426.36,109.262
0.4045,0.2737,766.21,470.913
0.3333,0.5013,221.19,51.634
0.466,0.3581,513.33,781.66
0.1684,0.4401,295.03,4.402
0.3652,0.1744,2337.95,841.794
0.4023,0.4284,318.25,189.546
0.1478,0.4501,324.89,2.962
0.1944,0.3556,582.24,14.999
0.2937,0.1554,2695.3,359.995
0.2636,0.2297,1110.07,94.535
0.4929,0.5985,207.79,507.643
0.3902,0.5555,221.87,112.073
0.2455,0.3457,548.09,35.063
0.4435,0.5779,206.79,221.604
0.4008,0.5719,173.33,101.137
0.2982,0.1854,1732.53,247.03
0.3701,0.4636,335.69,129.184
0.4231,0.2062,1299.42,1035.682
0.3849,0.5506,246.3,115.708
0.426,0.1901,1754.74,1456.98
0.1379,0.5409,249.46,1.748
0.3455,0.5142,254.65,70.202
0.1867,0.2043,1608.86,35.476
0.4193,0.5066,226.79,171.23
0.154,0.6324,165.3,1.759
0.4043,0.1606,2502.32,1533.738
0.4093,0.386,450.82,295.863
0.1721,0.1806,2114.11,34.238
0.3072,0.3209,687.3,111.41
0.1251,0.3599,509.77,2.472
0.2231,0.6445,179.75,7.883
0.3598,0.4756,259.71,86.915
0.2643,0.5745,187.42,16.151
0.2224,0.5124,251.74,10.891
0.2826,0.6242,169.19,19.205
0.3355,0.6601,149.03,35.849
0.2125,0.4215,317.19,11.497
0.5087,0.6923,143.69,487.8
0.4854,0.4666,306.89,651.658
0.2194,0.2894,777.45,31.947
0.308,0.161,2559.19,419.798
0.3324,0.6754,129.69,29.864
0.4092,0.5946,192.49,126.106
0.2039,0.6287,145.31,4.491
0.45,0.2639,900.05,1064.519
0.2847,0.1477,2606.9,305.659
0.0973,0.1522,3000.0,5.512
0.4345,0.2656,845.58,793.641
0.3111,0.5371,198.77,34.047
0.2894,0.3505,512.36,64.364
0.5068,0.4599,274.4,891.751
0.2308,0.6242,149.55,7.483
0.4171,0.6137,178.46,130.621
0.3712,0.4524,339.63,132.592
0.3691,0.6757,123.95,47.007
0.1987,0.5333,239.4,6.702
0.4121,0.3133,651.87,445.096
0.3238,0.4394,305.97,62.572
0.4851,0.1624,2309.44,4881.703
0.4527,0.6401,137.8,169.794
0.4034,0.5899,174.55,105.655
0.4105,0.1798,1758.1,1173.886
0.424,0.4111,418.46,337.638
0.3383,0.4653,344.37,85.978
0.4149,0.6724,152.49,108.169
0.4216,0.3308,670.55,523.203
0.413,0.4309,319.15,220.5
0.1851,0.6716,135.68,2.897
0.1887,0.6475,143.39,3.293
0.3514,0.6895,142.15,42.474
0.1639,0.1605,2503.13,33.706
0.1938,0.2322,1143.8,29.103
0.4569,0.5327,244.7,321.896
0.406,0.3171,569.18,356.955
0.3766,0.2855,760.16,319.286
0.3012,0.1688,2129.03,316.882
0.5015,0.443,341.62,992.001
0.1863,0.5215,254.47,5.571
0.3732,0.5809,189.96,76.23
0.4512,0.6895,148.76,179.223
0.3354,0.218,1345.39,323.059
0.3496,0.6656,153.86,44.855
0.2816,0.6692,152.7,17.092
0.1607,0.3104,679.75,8.495
0.19,0.4284,357.94,8.442
0.2093,0.3899,456.59,15.624
0.2993,0.3746,520.86,75.445
0.4492,0.4484,289.68,338.482
0.3604,0.1796,1931.63,651.705
0.1538,0.1605,2701.01,28.567
0.1286,0.3019,672.27,3.616
0.4248,0.4571,293.67,239.878
0.1733,0.5081,249.67,4.15
0.191,0.6526,141.91,3.417
0.2895,0.5117,280.83,35.286
0.3355,0.6641,154.99,37.256
0.4063,0.5909,205.46,129.42
0.4836,0.2166,1572.34,3234.119
0.1,0.2973,834.55,1.706
0.4101,0.2251,1266.24,840.763
0.4357,0.6012,173.59,165.841
0.5059,0.3054,752.95,2398.88
0.4004,0.346,564.64,327.888
0.5031,0.3891,427.88,1284.496
0.1711,0.4293,300.4,4.757
0.501,0.4202,360.66,1036.393
0.3733,0.1849,1868.9,750.233
0.4312,0.3227,586.61,525.307
0.2504,0.1771,1774.41,122.859
0.2412,0.3619,525.52,31.344
0.4685,0.2535,1038.27,1646.754
0.3664,0.4454,284.57,104.145
0.2527,0.4088,400.69,28.771
0.2265,0.5149,281.5,13.096
0.3299,0.6527,131.25,29.219
0.237,0.2973,744.7,41.378
0.3665,0.4877,261.16,95.675
0.3587,0.628,179.82,59.277
0.3352,0.4294,379.98,91.034
0.4472,0.1715,2374.63,2689.977
0.2973,0.3571,530.07,74.598
0.499,0.4385,351.37,969.209
0.2546,0.2143,1443.76,106.927
0.2133,0.3222,666.21,24.514
0.11,0.1545,2426.44,7.182
0.2169,0.5192,248.79,9.777
0.2575,0.3266,607.72,47.118
0.1962,0.6659,152.59,4.069
0.5115,0.2602,835.23,3016.439
0.3853,0.4439,305.27,144.304
0.4066,0.1541,2617.61,1655.312
0.3736,0.5751,217.85,87.811
0.46,0.4697,283.62,391.685
0.3124,0.4017,355.35,62.018
0.2928,0.5914,188.67,24.873
0.3159,0.3133,724.38,132.747
0.2549,0.288,714.41,53.165
0.2332,0.3482,455.98,23.765
0.1255,0.3651,521.02,2.556
0.4459,0.2929,761.67,847.137
0.4502,0.4039,455.66,540.885
0.4097,0.4456,298.31,196.99
0.5009,0.553,203.19,582.306
0.1543,0.398,386.64,4.144
0.1662,0.1653,2253.46,32.008
0.2246,0.5166,261.99,11.791
0.2788,0.3386,549.9,58.998
0.2609,0.3794,428.59,35.032
0.448,0.2607,847.76,972.143
0.1967,0.4769,268.39,7.236
0.1865,0.5399,195.68,4.3
0.1534,0.5866,201.4,2.111
0.3563,0.1858,2094.23,668.096
0.2026,0.2625,853.7,25.76
0.3573,0.2791,885.9,286.597
0.1466,0.5871,200.28,1.77
0.3056,0.3029,702.0,111.205
0.4657,0.6979,128.16,194.182
0.2968,0.3241,643.57,89.888
0.1007,0.2331,1281.49,2.688
0.2788,0.4685,266.64,28.613
0.2383,0.5249,222.71,12.643
0.3472,0.1896,1904.03,537.215
0.1914,0.5901,204.48,4.962
0.3038,0.2761,914.95,141.434
0.3726,0.5855,213.94,85.065
0.4359,0.3426,557.84,534.283
0.2221,0.6428,175.61,7.568
0.2301,0.3529,506.06,25.058
0.3499,0.3742,524.42,153.449
0.3702,0.5253,208.73,80.365
0.3293,0.5079,282.05,62.28
0.3431,0.6562,132.3,35.279
0.2395,0.6014,163.74,9.489
0.3337,0.1777,1809.04,424.632
0.1228,0.3097,705.72,3.19
0.1074,0.4253,412.95,1.115
0.186,0.3566,446.81,9.711
0.1851,0.3927,482.83,10.305
0.2862,0.2229,1499.06,179.47
0.3474,0.2774,732.64,207.241
0.4721,0.3978,436.6,735.075
0.1828,0.1782,1855.1,37.753
0.1299,0.366,519.82,2.902
0.373,0.6007,153.84,61.545
