Phi,d50,sigma,Emix,Temp,Tau0
0.4852,11.6103,1.4669,1459270.474,26.1132,11.8197
0.4829,9.8146,1.4374,1352156.6581,26.1156,17.9397
0.4798,7.2031,1.6032,7642725.5895,27.1467,10.4123
0.4701,9.3156,1.4063,1391476.84,25.3384,14.3929
0.4676,7.3901,1.4299,1446813.1822,27.017,20.8345
0.4679,7.0411,1.477,8029713.2163,28.1053,16.8594
0.4821,8.5896,1.5022,1476718.6294,26.8811,16.864
0.465,9.3825,1.4146,1356946.5448,26.7805,12.7022
0.4708,7.0603,1.5113,7378217.102,28.7486,15.7885
0.4765,9.6826,1.4084,1414234.3015,27.3923,18.917
0.4744,8.533,1.4418,7784694.0082,28.7418,18.5306
0.4758,8.2716,1.4266,1423388.9236,26.3173,21.3158
0.4667,8.4636,1.4552,1345722.8073,25.0374,11.4269
0.4781,7.3766,1.5176,1493692.0192,25.5466,16.282
0.4808,7.3798,1.5072,1263620.6202,27.2111,21.7627
0.4648,7.0432,1.4026,1446252.3296,26.4391,23.3303
0.4604,8.0367,1.4555,7681979.8544,29.307,12.1396
0.4707,7.9664,1.4255,1424217.3001,26.413,19.5907
0.4787,9.8402,1.4357,1344598.7713,27.4348,17.1685
0.4721,7.3766,1.5176,8346405.5622,27.2187,13.0665
0.4695,7.4583,1.4401,1431974.6384,26.6985,20.1594
0.4693,9.5865,1.4658,7269419.9586,27.8292,10.1931
0.4723,9.1541,1.4235,1414458.2573,27.72,17.3697
0.4607,7.1978,1.5049,7738892.3854,28.943,10.6153
0.4773,11.4519,1.4047,1518680.8098,27.4113,14.1066
0.4783,10.2568,1.4765,7583727.9298,27.1416,10.945
0.4839,10.3733,1.4554,1404875.3954,26.687,15.7043
0.4604,8.595,1.4562,7898092.4552,29.144,10.4038
0.4679,7.1286,1.4034,8084016.9775,28.0177,25.0416
0.4858,11.12,1.4216,1248290.6846,25.9129,16.4261
0.4834,8.8745,1.4784,1355380.6636,26.5248,18.4872
0.4698,9.145,1.4264,7029906.3647,29.5711,15.9906
0.4784,8.5933,1.5218,7195903.3746,27.6333,12.4914
0.487,8.4269,1.526,1408774.8838,26.8637,18.2538
0.476,9.6384,1.4346,1260615.1392,26.5932,15.505
0.4793,8.1195,1.4516,1299031.4197,26.8758,22.7721
0.4781,8.0754,1.4892,7346989.8785,29.284,18.7738
0.456,7.78,1.4284,1513269.9241,26.3738,11.8469
0.479,8.2821,1.5443,7736616.7638,27.6746,11.8403
0.4721,9.7947,1.4546,1455783.0244,26.8201,11.8786
0.4733,10.0406,1.4502,7766377.8479,28.0406,11.7912
0.4798,9.6175,1.4141,8097329.8763,28.1156,19.2109
0.4627,8.5162,1.4423,7755519.6806,28.9603,12.5207
0.4669,8.5187,1.479,8041505.5433,27.6132,10.5993
0.4795,7.1224,1.5538,8149623.5676,28.7483,16.3777
0.4819,8.4069,1.4887,1412701.8274,26.4742,18.3521
0.467,8.9277,1.4263,1417658.2411,26.8862,14.1234
0.4734,8.275,1.4215,6779445.8607,28.5121,21.3003
0.4714,7.2333,1.4483,1183254.6622,27.0094,22.462
0.4799,8.7117,1.5118,1281349.7569,26.4986,13.9451
0.4775,9.8146,1.4374,7427629.5081,28.8603,16.0949
0.4585,8.1511,1.4162,7956749.006,29.0637,13.7948
0.4834,11.0017,1.416,1470383.4687,25.4084,15.252
0.4726,7.3716,1.4544,1353070.518,25.3908,19.2821
0.4714,7.3123,1.4881,7700572.6249,28.4795,17.0823
0.4744,9.2289,1.4298,1463971.224,27.8696,17.8392
0.4829,11.0612,1.466,1255797.2508,25.9825,12.0462
0.4598,7.3886,1.424,7963465.0919,27.0372,14.7453
0.4748,10.2815,1.4454,1291067.9814,27.0563,12.7506
0.4815,7.4844,1.5259,1251567.1177,27.4743,19.7478
0.4784,8.8679,1.4216,8174800.1579,28.0468,20.7069
0.4644,9.0629,1.4564,7017287.2351,28.6215,10.657
0.4701,7.1347,1.4111,1469364.5811,27.7581,28.4453
0.4641,7.3005,1.5149,7812124.175,27.67,10.1983
0.4599,7.313,1.413,1278266.4782,27.831,18.964
0.4729,10.3417,1.4186,7788377.384,28.2896,13.1907
0.463,8.2886,1.4823,7439877.9945,28.8994,10.3282
0.4772,10.3332,1.4398,8044059.3812,28.764,13.9617
0.4845,8.327,1.4501,1366980.8642,27.0808,26.282
0.4761,9.0646,1.4825,7331130.9002,27.3163,12.7145
0.4726,9.3657,1.4208,1260630.8617,25.3599,14.3795
0.4737,7.9667,1.4214,1359220.1071,27.534,23.9922
0.4687,7.5063,1.4805,1331814.0552,27.5005,16.0284
0.4718,7.4751,1.5147,1396911.8679,26.2373,13.3747
0.4716,9.4651,1.4256,1420764.4171,26.5459,14.4734
0.4741,11.1752,1.4001,1336200.8358,26.7989,13.1699
0.4871,9.1148,1.5215,1308238.3358,27.2427,16.5513
0.4827,7.1971,1.5433,1361656.4022,26.0395,18.1042
0.4713,9.7117,1.4203,7802204.3761,27.6792,13.5518
0.4655,7.2375,1.5241,7867103.6718,29.9461,11.823
0.4647,8.1216,1.438,1489105.9315,27.7673,15.5628
0.4813,8.106,1.5432,1320763.3908,26.1234,13.6298
0.4818,7.1688,1.5688,1418353.3034,26.4029,15.2965
0.4794,12.9419,1.4073,7723081.2414,29.548,11.9091
0.4832,10.2546,1.4808,1483991.4509,26.8811,13.8531
0.4858,11.4277,1.4059,1431286.2149,27.9676,19.2489
0.471,9.7463,1.4049,1405396.7219,27.5924,16.0681
0.4631,8.1654,1.4352,1266447.095,27.3769,14.4654
0.4741,9.6769,1.4941,7392325.3779,29.2185,10.9183
0.468,10.8051,1.4205,7134653.561,29.8116,11.2837
0.484,7.3453,1.5047,1349084.8345,25.7737,22.5292
0.46,7.0668,1.4961,8669094.4189,28.13,10.6813
0.4862,10.718,1.4902,1414550.8417,26.1487,12.7344
0.4554,7.3886,1.4136,7757849.2355,28.9048,15.1478
0.463,7.4583,1.4401,8484663.052,28.5691,16.1514
0.4736,9.894,1.4112,7542109.1929,27.1653,14.3295
0.4795,7.2847,1.5083,7735035.4574,28.5162,20.534
0.4797,9.6339,1.5089,7183087.4752,29.6725,12.7819
0.4607,7.6811,1.4652,7618904.8006,29.0045,12.355
0.4879,7.9174,1.4561,1310036.358,25.0885,27.4015
0.471,7.9142,1.4424,1270265.875,25.2178,16.7203
0.4803,7.9303,1.5168,1493280.7666,27.6367,17.8803
0.486,7.061,1.5593,1479161.3273,26.7512,20.3709
0.4644,7.9142,1.4424,8426059.6505,29.9274,16.107
0.4731,9.5236,1.4308,1388949.0348,25.7126,13.7436
0.4744,9.592,1.4795,8144873.8901,28.4051,11.5574
0.4748,8.2879,1.4987,7660462.3663,29.204,14.8037
0.4674,7.1239,1.4297,1293716.6385,27.6392,23.2536
0.4592,9.0687,1.422,8433148.1408,28.5616,10.6406
0.4764,11.5657,1.4063,1407303.8429,27.0439,13.0158
0.478,8.1685,1.4786,7082763.4707,27.3431,17.2471
0.455,7.8989,1.4067,7581869.1055,29.4119,14.1166
0.4781,8.7735,1.426,8124825.0063,27.0251,19.1173
0.4769,7.7319,1.5723,7931282.7513,28.3797,10.8041
0.4637,7.6279,1.4283,7989521.9992,27.0204,15.4646
0.4632,7.0132,1.4612,8078821.4453,29.9123,17.5598
0.4706,7.9841,1.4031,1310571.0561,25.9998,21.3957
0.4565,7.3022,1.4374,1387473.1174,25.5435,12.187
0.4777,10.4607,1.4807,7601955.9759,28.857,11.2337
0.4585,7.886,1.4095,1346907.1858,27.0066,14.9449
0.4692,10.0439,1.409,1315786.4942,26.9132,13.3276
0.4745,7.9927,1.4433,1584607.8417,27.759,21.9783
0.4695,7.0493,1.4571,1300133.4836,27.7584,22.0108
0.4604,8.3831,1.4071,1300013.1259,25.2365,12.6175
0.4749,7.0421,1.4381,7906188.2259,29.9553,30.2372
0.4569,7.4921,1.4081,1348227.3741,27.167,15.9503
0.4739,7.1442,1.4748,7851846.7312,27.0919,19.3454
0.4792,8.717,1.454,7888111.9834,28.5509,19.2422
0.4739,9.5891,1.4431,1464661.1923,26.2458,13.517
0.4797,10.409,1.4812,7912490.9541,28.1991,11.5912
0.4595,9.1391,1.4241,7552139.465,28.453,10.5158
0.4788,9.9899,1.4782,7473150.7461,27.8921,12.2588
0.4733,8.2325,1.4889,7977871.5585,29.0495,14.875
0.4856,9.2473,1.4118,1497106.7718,26.4288,25.5256
0.4716,9.4218,1.4067,7610382.6102,29.0037,17.0071
0.4722,9.6974,1.4186,1641368.0624,27.9055,15.9426
0.4727,10.6015,1.4462,8412296.4939,29.963,11.7892
0.463,7.418,1.4201,1300018.3565,26.1622,17.521
0.4785,7.8536,1.4058,8578579.3605,27.0883,26.6597
0.466,8.4573,1.4693,7147973.3523,27.8409,11.3974
0.4779,7.2658,1.4052,1427140.7709,25.8538,32.0157
0.4506,8.2715,1.4083,8044390.027,29.4234,10.781
0.4813,7.9342,1.5043,1362027.1795,27.0294,19.1866
0.4711,7.9983,1.432,1535330.378,27.8692,20.9481
0.4786,8.0894,1.4137,7489490.6248,27.0084,24.6133
0.4844,9.8354,1.4314,1376844.7686,25.3847,18.2988
0.4768,9.267,1.506,7373088.3536,27.2784,10.8239
0.4715,8.4427,1.4273,1282063.8106,25.824,17.0677
0.4702,10.4191,1.4081,1373681.2062,27.1882,13.1147
0.477,7.7751,1.4313,8072401.8497,29.1696,26.259
0.4687,7.9003,1.4117,7277552.8537,29.8129,22.6358
0.4814,9.6233,1.402,1479783.8237,25.5548,20.2893
0.4606,7.5079,1.4028,1417980.0604,25.9078,17.0716
0.4561,7.3279,1.4019,1341738.042,25.7882,15.2277
0.464,7.054,1.4208,1344103.1419,25.1546,18.5415
0.4726,7.0839,1.4675,7962480.8857,27.7344,20.4689
0.4829,8.3275,1.4727,1401314.6344,27.2268,22.3451
0.4794,9.1815,1.4869,1331155.2939,26.8703,14.6292
0.4805,8.589,1.506,1435005.4321,26.9394,15.6196
0.4831,12.9634,1.424,1520047.6979,27.8113,12.4121
0.4785,8.4069,1.4887,7798556.9208,28.7962,16.9865
0.4779,7.8385,1.5166,7393456.709,29.5334,17.0491
0.4759,7.5228,1.5213,1365719.966,25.5482,14.1197
0.4829,8.2652,1.4557,1279063.5274,25.1926,21.4797
0.4829,8.9132,1.5031,1303920.1915,25.3125,14.3539
0.4786,8.0547,1.5059,7071553.3766,28.1419,16.316
0.4664,7.3325,1.4447,7652666.0424,28.0107,17.9067
0.4612,9.485,1.4163,8126025.6789,29.534,11.4918
0.4714,11.7256,1.4211,7036197.2552,29.9387,10.7911
0.4623,8.9277,1.4263,7647643.4992,29.1808,12.555
0.4663,7.1477,1.4286,7488528.9909,28.7807,21.7073
0.4792,7.2817,1.5841,7328781.4333,28.2932,12.3496
0.4888,12.1702,1.4244,1428315.0105,25.9051,14.8055
0.4724,11.6562,1.4007,7880784.9973,28.5471,11.3859
0.4891,8.7351,1.4636,1568998.1047,27.616,26.8447
0.4829,7.5573,1.5079,1355706.8713,26.4705,21.1452
0.4804,9.5189,1.4512,1490302.7932,25.0898,15.0036
0.473,9.1045,1.4649,7615944.7125,27.2514,12.3968
0.4784,9.2027,1.4549,1505011.4699,27.1158,17.0837
0.4704,9.7672,1.4102,8505233.5894,27.3018,13.2162
0.4839,10.944,1.4179,1275376.3007,26.975,17.4925
0.48,9.2113,1.5328,7997807.4001,29.5039,11.9404
0.4838,8.3529,1.4215,1404994.5402,26.6104,28.6141
0.4881,9.5338,1.521,1438622.5933,25.6094,13.9192
0.4824,8.6942,1.4474,1385959.3624,25.2214,19.9272
0.4857,12.7311,1.4174,1423748.7061,26.4761,13.2258
0.4896,8.9645,1.5156,1416597.4943,27.5066,19.6344
0.4506,7.3279,1.4019,7702026.0198,28.2419,13.3913
0.4774,8.0708,1.5121,8260700.9013,27.7697,14.3214
0.4795,7.0259,1.4484,1318645.7369,26.1199,29.5098
0.486,8.1932,1.4947,1303324.1814,27.8647,23.8095
0.4786,9.1148,1.5215,7262430.8118,28.3681,11.7165
0.4755,10.8195,1.436,1265647.4419,25.6122,11.1577
0.4617,7.4725,1.4657,1407291.5802,25.0448,11.3579
0.4839,7.1442,1.4748,1339132.0502,27.5853,31.8103
0.4645,10.1931,1.4079,7699092.7004,27.3165,10.2622
0.4751,9.4033,1.4273,7652207.7542,28.1675,16.3151
0.4841,8.7699,1.4261,1291770.2883,25.1314,22.9354
0.481,9.1918,1.4511,1374732.8887,26.8667,18.7881
0.4745,8.5838,1.4931,1309823.4022,27.9181,14.4659
0.4744,7.8332,1.4909,7721813.4811,29.5719,17.5011
0.478,11.2311,1.4763,7397253.5782,28.7327,10.0663
0.4685,9.8988,1.4052,1497746.5573,26.5589,13.2831
0.471,8.5162,1.4423,1462403.9668,25.6483,14.8662
0.4847,8.3276,1.4941,1350817.7229,26.6807,20.3477
0.4772,10.3417,1.4186,1313475.2384,27.4015,16.1013
0.4789,8.9359,1.4085,7411581.6227,29.704,24.7567
0.4672,9.2289,1.4298,7991947.3971,29.8715,14.1267
0.4689,10.6316,1.4392,7401674.558,28.629,10.0317
0.4797,8.9132,1.5031,7079047.6644,29.6031,15.4171
0.466,8.5117,1.4574,1335372.3835,25.9657,11.6717
0.4777,11.4529,1.4334,7061582.9394,29.03,12.376
0.4703,8.6493,1.4149,1301465.1236,26.6557,17.7401
0.4727,7.483,1.5448,7107784.6826,27.7143,11.3756
0.4648,7.1289,1.5187,7933068.9045,27.8584,10.8359
0.4778,9.4709,1.4948,1347072.827,25.4241,11.1349
0.4716,7.4975,1.4236,6986860.8555,27.3185,22.2598
0.4673,9.809,1.4414,7621776.9292,27.7743,10.3864
0.4694,9.5259,1.4652,7734642.3626,27.5726,10.1649
0.4745,9.641,1.4616,6836670.088,27.4175,12.1863
0.4759,7.2787,1.4543,1452840.2537,27.5004,25.797
0.4625,9.2614,1.4142,6932552.8192,27.2451,11.2662
0.4614,8.5206,1.412,1420023.546,25.9961,12.9779
0.4869,12.0275,1.4549,1339763.6008,27.8407,14.0483
0.468,7.0335,1.4669,1465496.5209,27.3458,19.109
0.4768,12.9634,1.424,7190749.6558,29.9285,10.3458
0.478,9.592,1.4795,1477408.6396,26.0813,12.5668
0.4626,8.0935,1.4516,1424747.7361,27.7678,13.3466
0.4612,7.8989,1.4067,1299186.1613,26.5692,16.1996
0.4801,7.7176,1.4948,1322135.9047,25.9157,18.9694
0.4589,7.7348,1.4746,7960663.2263,28.32,10.1594
0.4617,8.3135,1.4062,1325631.9109,26.803,15.1548
0.4732,7.1888,1.4776,1437697.2192,27.044,20.3902
0.4786,10.8639,1.4042,1393729.4842,25.2381,14.0612
0.4776,12.6524,1.4005,7887171.4229,27.5511,10.7106
0.4714,8.0691,1.4214,1431550.6573,25.7231,19.0457
0.466,8.2963,1.4278,7387092.7855,27.741,15.0213
0.4779,9.1394,1.502,1471610.1317,25.9862,11.9819
0.4697,10.8944,1.4053,7805942.8126,29.01,12.0299
0.4806,9.2442,1.4779,1266838.9029,26.8197,15.8166
0.465,8.6033,1.4094,7403782.2474,29.7595,16.9481
0.4657,7.696,1.4505,1367273.4533,26.1068,14.8625
0.4782,8.4759,1.5313,7349344.5243,29.1639,13.1735
0.4864,12.5589,1.4099,1306429.3333,25.3751,13.3205
0.4869,10.7703,1.4803,1513612.2164,26.8372,14.3148
0.477,9.5906,1.4517,1456384.9971,26.348,14.4471
0.4845,7.3677,1.5062,1362443.4266,27.325,25.2447
0.4703,7.2638,1.4574,1408988.9506,25.7589,18.4381
0.4797,10.823,1.4706,7859079.1812,28.1337,11.3134
0.4791,10.975,1.4124,7693647.9392,28.04,14.5719
0.4571,7.1532,1.4175,1313831.6962,27.953,17.5249
0.4721,8.2886,1.4823,1328727.2811,25.2832,12.5824
0.4628,7.8662,1.4092,1459050.1397,27.1655,17.6889
0.4792,7.8564,1.4936,7998757.0675,29.4149,20.0505
0.4593,7.713,1.4171,7346364.0851,27.5326,14.4647
0.4792,11.131,1.4508,1371017.386,26.6819,11.9296
0.474,10.4168,1.438,7852178.8736,28.5746,12.3672
0.4635,8.0367,1.4555,1350170.8172,26.4503,12.5202
0.4744,9.8569,1.4168,7407321.4556,29.8447,17.0668
0.4636,9.3241,1.4018,1554845.8737,27.0292,13.3549
0.4686,9.5307,1.4528,7196399.5993,27.7098,10.7855
0.4591,7.0498,1.4566,1294538.4438,26.7358,13.9249
0.477,9.0703,1.5267,7492890.2399,28.2747,10.6856
0.4521,7.78,1.4284,7400063.5864,27.3931,10.0294
0.4818,7.3053,1.4333,1316713.3071,25.8387,31.2109
0.477,8.5769,1.4111,1442624.7875,27.2813,23.9775
0.487,7.5691,1.459,1444979.7355,25.0489,28.4434
0.4715,8.095,1.4384,8130066.2798,27.3707,17.337
0.4633,8.3505,1.4199,6865524.9081,29.3414,15.7384
0.4712,7.635,1.407,7964344.7498,28.7589,25.0652
0.4701,7.6855,1.4146,1591640.7927,25.958,21.1542
0.4799,10.1411,1.405,7991537.6101,29.3001,19.5342
0.4865,12.3835,1.4099,1448484.6646,27.3324,15.7708
0.4646,7.8305,1.5004,7145848.5778,29.4014,11.3013
0.47,8.7169,1.4479,1364747.6481,27.5692,15.226
0.4601,7.3886,1.4136,1467782.4859,26.4397,16.8753
0.4752,9.7117,1.4203,1353846.3896,26.8668,16.3337
0.4675,7.6559,1.5252,8065727.2376,28.74,10.6016
0.4864,10.1411,1.405,1336609.5575,26.0585,21.9744
0.4768,7.0231,1.5,1369252.3036,26.1847,20.0306
0.4725,8.6796,1.4764,6776677.6979,27.1408,12.6009
0.456,8.5206,1.412,8657850.3804,27.5433,10.6443
0.4673,7.578,1.4983,1434174.4988,27.8405,13.5377
0.4701,9.2614,1.4142,1420643.8045,25.4195,14.0295
0.4623,7.5433,1.4243,1289482.2881,26.7331,16.8249
0.4549,7.313,1.413,7935385.0768,27.8306,14.2071
0.4801,8.5658,1.5452,1460770.3257,25.0739,10.588
0.4692,8.5201,1.4178,8302835.5772,29.061,17.9977
0.4638,8.3256,1.4739,7879923.2795,29.1628,11.2769
0.4808,8.0936,1.4631,1429296.0511,25.3027,20.0833
0.4722,8.5769,1.4111,7553319.1816,28.9591,20.4358
0.4649,7.3238,1.4935,7605707.1126,28.5481,12.9102
0.4727,8.4802,1.5192,7449899.4191,29.57,11.7433
0.4602,7.3955,1.4823,7034272.9526,29.0255,11.7588
0.4554,7.0432,1.4026,7414345.7441,28.5152,17.5357
0.4611,7.578,1.4983,8167860.2963,29.5579,10.5444
0.4787,9.8804,1.435,7579935.0816,28.861,16.694
0.469,7.0124,1.5244,7986905.7321,27.2955,12.2986
0.4781,11.12,1.4216,7310115.9308,29.7816,14.7009
0.4838,8.9548,1.4737,1411612.2123,27.9959,20.8117
0.481,10.0624,1.454,1447564.0598,25.725,14.2243
0.4783,10.6109,1.4831,7995466.7411,28.4407,10.6621
0.4783,7.4738,1.4784,8214576.908,29.0976,22.899
0.4781,9.7829,1.4528,1473948.2077,26.6219,14.6233
0.4723,9.8773,1.4394,1438321.8352,25.5754,11.736
0.4621,7.6667,1.4548,1163855.239,25.4107,12.1305
0.4804,10.2636,1.4507,1529016.6118,25.869,13.7355
0.465,7.8237,1.4293,1177844.7306,25.1725,14.9335
0.474,10.3733,1.4554,8315526.6315,28.6601,11.3177
0.4776,7.4222,1.5776,7419813.5558,27.5644,11.1245
0.4563,7.6075,1.4588,8515306.0191,28.5136,10.6251
0.4707,7.3798,1.5072,7881670.9427,27.739,13.7956
0.4884,8.5831,1.4442,1401232.6771,27.2254,29.2907
0.4687,9.0331,1.4121,7546792.0468,29.2937,16.6803
0.4745,9.5989,1.442,1471737.4515,26.2113,13.836
0.4742,7.3813,1.4033,7830077.5535,28.7845,30.2144
0.4699,7.4956,1.4125,1452106.5335,26.1061,22.5982
0.4564,8.052,1.4187,1490000.8619,27.2752,12.723
0.4702,7.1063,1.4129,7809344.916,28.8757,27.3692
0.4791,7.4355,1.432,8201362.4807,27.7426,27.9787
0.4682,8.107,1.4439,1424337.9617,26.2886,15.497
0.4804,9.4904,1.503,1410345.7346,26.8196,12.8939
0.4629,7.6753,1.4666,6973848.2908,27.0639,11.9057
0.4723,7.8167,1.4226,7339692.1906,28.6442,22.8846
0.4776,9.0864,1.4728,1537036.27,25.2849,13.4645
0.4823,8.0289,1.5291,1434325.2776,25.6878,15.2413
0.4736,8.7117,1.5118,7648045.3085,28.8958,11.5866
0.4638,8.7931,1.4226,7877207.4725,27.7517,12.7031
0.4638,8.8844,1.4013,7247647.6353,29.6823,15.9593
0.4678,10.8195,1.436,7116566.096,29.8822,10.2667
0.4612,8.3664,1.4227,7903860.9052,28.8711,13.7267
0.4784,8.275,1.4215,1432976.625,25.929,23.2193
0.4533,7.93,1.4262,7076286.4557,28.8186,11.3053
0.4765,11.8684,1.4228,7448792.1888,28.2708,11.0894
0.4632,8.8718,1.4114,1481541.0195,25.814,12.645
0.4721,8.0887,1.4903,1345321.6005,27.4457,14.6911
0.4789,8.6872,1.428,1483064.0795,26.0121,20.8377
0.4856,11.3515,1.4474,1475565.3627,26.2217,13.9983
0.467,7.1459,1.4365,1485686.8151,25.9939,19.4796
0.456,7.7,1.4036,7863584.8197,27.9842,14.2979
0.4764,10.718,1.4902,6732997.6566,29.2673,10.0525
0.4632,7.1816,1.4429,1432344.7722,26.3279,16.5568
0.4721,8.8197,1.4186,7697557.4351,29.9338,19.5416
0.476,9.9559,1.4118,8167751.1404,29.3891,17.3535
0.464,8.7795,1.4478,8347505.4067,27.8121,11.0024
0.4764,8.5447,1.5198,7706689.4129,28.8602,12.7116
0.4675,8.4983,1.4355,7113595.6184,28.8685,15.5872
0.4633,9.9231,1.4054,7976352.4547,27.6001,10.6886
0.4713,9.9539,1.4219,1331070.9666,25.1297,11.8886
0.4863,8.3156,1.4606,1403718.2993,25.2368,23.2152
0.4731,7.0132,1.4612,1418458.4021,27.6019,24.3741
0.4738,7.6423,1.4754,1419041.3181,25.5115,16.6747
0.4627,7.7081,1.4529,1424313.0541,25.3485,12.3407
0.4798,8.3483,1.4273,7791975.8128,29.2431,25.7177
0.4669,9.0607,1.4419,8074962.5011,28.0281,12.06
0.4837,8.7054,1.5215,1316384.367,27.8616,16.6864
0.4744,10.4004,1.4777,7198760.7674,28.6845,10.2322
0.4632,7.1843,1.4297,7577157.558,28.6155,18.948
0.479,8.7488,1.4952,1378718.4893,27.1145,15.4086
0.4622,8.159,1.4696,7152577.5126,29.2522,11.5216
0.4756,9.9117,1.4318,1312899.8926,26.2342,14.3173
0.4813,11.2069,1.4611,1450338.2411,27.6119,12.7164
0.4721,7.8659,1.4003,7956262.0204,28.3516,24.5007
0.4641,9.9872,1.4085,8018334.023,28.5974,11.3471
0.472,9.416,1.4478,7997179.3645,28.5228,13.3372
0.4584,7.1598,1.4141,7695625.2415,29.483,18.579
0.4763,7.483,1.5448,1359173.9881,27.0822,13.9016
0.4668,9.3156,1.4063,7889577.4234,27.6058,13.582
0.4711,8.5838,1.4931,7524592.8117,28.4299,11.8875
0.4821,11.0811,1.4018,1194053.7844,27.7905,18.4514
0.4755,9.3433,1.4656,1373694.5361,25.3953,12.4886
0.477,10.1822,1.4033,8288642.4158,28.944,17.3905
0.478,8.3699,1.546,7757918.3123,28.5527,11.6841
0.4765,8.6507,1.5053,1330549.7152,26.9927,13.425
0.4687,11.273,1.4041,7839986.1271,28.0261,10.267
0.4771,7.5569,1.5897,7576232.1245,29.6212,10.9003
0.4646,7.7805,1.4448,1531483.3229,27.6684,16.1224
0.4626,7.866,1.4132,1263103.111,27.878,18.0792
0.4784,9.4508,1.4859,7473464.1008,29.5636,14.3218
0.4809,11.9789,1.4309,1472954.707,25.3068,10.9116
0.4631,8.0887,1.4903,7113581.9921,29.1377,10.5334
0.4775,10.4004,1.4777,1340010.3915,25.992,10.5464
0.4876,7.2736,1.4925,1345144.1593,25.6359,27.6051
0.4765,7.391,1.4779,7244078.3602,28.9223,22.1432
0.4733,8.7418,1.4469,1348021.594,27.2807,16.8098
0.4708,8.1365,1.4265,1409495.5155,25.3609,17.3653
0.4578,8.2931,1.4137,7900961.5687,27.949,12.3411
0.4732,7.6454,1.4472,1481257.7777,26.0929,20.0299
0.4829,9.8569,1.4168,1452923.6011,26.1237,19.6563
0.4555,7.4761,1.4139,1486581.315,25.1788,12.6249
0.4812,8.6232,1.5079,1400815.2668,26.2509,15.0058
0.4861,8.397,1.4346,1433262.7138,26.5145,28.3134
0.4781,9.1145,1.4159,7826997.9672,29.4761,21.8968
0.4647,9.2456,1.4106,1438250.064,25.587,12.1246
0.4706,8.3707,1.5235,7451976.6826,28.9708,10.4025
0.4635,9.6779,1.4092,7288390.2021,27.6732,11.2354
0.451,7.3022,1.4374,7858627.5676,28.0946,10.6581
0.4669,8.0691,1.4214,7983796.5486,27.9633,17.1033
0.4731,9.5906,1.4517,7640055.1736,29.0145,13.5264
0.4771,12.0007,1.4257,7483392.2338,27.262,10.1975
0.4739,8.8745,1.4784,7365604.4902,27.8817,13.0639
0.469,9.3657,1.4208,7866587.9624,27.7975,13.5181
0.4756,10.8699,1.4161,1349012.2985,25.9768,12.6821
0.4786,7.1274,1.545,1419629.598,27.2553,16.9157
0.4789,9.1274,1.4281,6844413.2374,27.6174,19.1121
0.4717,9.5806,1.4067,1534530.2073,26.3946,15.4574
0.4765,8.1378,1.4258,1389009.2961,26.366,22.761
0.4848,8.6373,1.4896,1456281.3755,26.694,19.5012
0.4717,7.1843,1.4297,1386270.1823,25.7541,23.2733
0.4736,9.9662,1.4497,8523758.307,28.2268,12.1206
0.4803,8.2104,1.4651,1513000.5403,25.1061,18.6985
0.4856,10.326,1.4999,1555503.9922,25.8065,12.376
0.4787,7.3273,1.5434,7924847.4935,29.0976,16.3988
0.4768,7.8167,1.4226,1380652.7812,26.4831,25.6043
0.4825,8.6796,1.4764,1395395.6979,27.441,20.1808
0.4711,7.9272,1.4752,8199258.8277,28.6951,15.6445
0.4808,8.3883,1.4951,1417248.9168,27.1826,17.9426
0.4765,8.77,1.4324,7350110.6738,29.2486,20.5573
0.4746,10.7914,1.4266,7822565.0059,29.7783,13.4539
0.4775,7.0839,1.4675,1414866.4008,27.3728,26.5128
0.4848,10.5959,1.4184,1379294.9032,27.0575,19.2123
0.4779,7.453,1.4928,1441492.3115,26.5895,19.9328
0.4533,7.1009,1.4172,1409285.3376,26.1643,13.6304
0.4752,11.3335,1.4117,1523442.9692,25.6335,11.4397
0.4679,7.9968,1.4397,1374215.9055,25.7399,15.4758
0.4799,9.2987,1.4734,1493423.0193,25.8903,14.5697
0.4547,7.1879,1.4535,8030792.8341,29.7076,12.5483
0.4566,7.9293,1.4178,7259407.5528,28.7684,13.3973
0.4751,7.0347,1.4428,7185502.1528,29.0285,28.4958
0.4804,8.6548,1.5029,1432256.5007,27.7531,16.4807
0.4704,8.7395,1.4953,8723326.3531,27.2398,10.0209
0.4675,7.4911,1.5091,8153552.9383,27.2388,11.2061
0.4779,7.5,1.4825,8523171.1316,27.0909,19.1283
0.4775,7.5573,1.5079,8061819.481,27.3106,16.3724
0.4782,8.6949,1.4462,1185625.7642,26.3357,18.9437
0.4779,10.3821,1.4185,1356802.8033,25.6292,14.4478
0.4794,9.641,1.4616,1313203.5875,26.1667,14.5753
0.4819,8.7404,1.4032,1481089.2919,25.7854,25.275
0.4529,7.5941,1.4006,7072534.3911,27.0362,12.7261
0.4715,8.6482,1.424,1380980.9914,27.2499,18.2996
0.4741,8.3901,1.408,7170884.3802,28.2715,22.226
0.4826,12.0007,1.4257,1464460.5468,25.7986,12.2883
0.4724,9.5189,1.4512,7955775.3487,28.2355,12.7703
0.4826,11.4529,1.4334,1298941.7166,25.4917,12.7166
0.4698,9.3396,1.4229,7657487.9306,27.9536,14.0043
0.4544,7.1568,1.434,1477887.9638,27.619,13.8519
0.476,7.0051,1.5102,1435378.7338,26.0079,18.132
0.4769,9.1482,1.5374,7603461.2042,29.7004,10.6264
0.4752,10.2387,1.4635,7316487.5555,27.9217,11.2361
0.4749,7.209,1.5552,8000543.5207,28.0111,12.5788
0.4644,11.1752,1.4001,7151518.5479,29.8396,10.4792
0.4712,7.3209,1.4565,8070469.1367,29.6593,21.8801
0.4773,8.3883,1.4951,7815223.5605,27.1295,14.1145
0.4736,9.2087,1.4074,7570057.8455,29.3113,19.3006
0.4712,7.3893,1.4201,1340632.7932,27.6805,26.1002
0.4535,7.8542,1.4197,1354023.1831,26.1636,11.0542
0.4828,10.01,1.4497,1496090.719,26.0901,16.0103
0.4719,10.276,1.4599,7086537.0672,27.9018,10.1494
0.4856,10.1537,1.4838,1324008.8475,27.1877,15.5381
0.4757,9.1749,1.5207,7124658.7038,28.9064,10.8033
0.4816,8.2325,1.4889,1509126.214,26.9771,19.6024
0.4774,8.2502,1.4676,7725254.9382,27.2867,17.3563
0.4707,11.1794,1.4368,7557843.3082,29.6941,10.396
0.4732,7.9409,1.5292,8088101.3094,29.0281,12.2564
0.4745,7.891,1.4034,1352092.9344,25.2618,23.441
0.4773,7.3053,1.4333,7457736.8878,27.9685,27.9053
0.4736,7.8697,1.5181,1386698.3966,26.6746,13.0533
0.4672,8.4055,1.4429,8427337.6644,28.8333,14.7594
0.4558,7.3311,1.4016,1387692.0085,26.181,15.5476
0.4788,9.6124,1.4046,7598661.7669,28.2931,19.9266
0.4743,7.175,1.4993,7723169.0656,28.022,17.9447
0.4673,7.7946,1.4675,8279634.3957,27.8075,13.9589
0.4868,7.5019,1.5858,1332472.5932,25.1967,13.9917
0.4772,8.7699,1.4261,6963863.4378,28.8039,21.2884
0.4801,9.0703,1.5267,1412985.3666,25.2694,10.7703
0.4805,8.3365,1.5585,1450327.11,27.9327,12.7958
0.4757,9.5445,1.4148,6996283.7116,29.1215,18.5019
0.4848,9.3493,1.4734,1391998.6829,26.4312,17.8501
0.4735,8.6232,1.5079,7848230.7255,29.8961,12.7668
0.4679,8.2386,1.4636,7597844.1971,29.1804,14.3932
0.4742,7.9823,1.5318,7594906.0618,27.2675,11.1925
0.467,10.0176,1.4418,7575712.7855,28.1105,10.0414
0.4688,8.8727,1.4091,1377444.4294,27.918,17.9815
0.4739,8.6033,1.4094,1371103.7482,26.2793,20.2785
0.477,11.6815,1.4041,1388330.4525,27.4974,13.617
0.489,7.4159,1.582,1362079.6613,26.5953,17.788
0.4764,8.5814,1.4585,6808780.4102,28.303,17.6904
0.4774,8.4439,1.5069,8875635.8707,28.0234,13.6075
0.4803,9.6821,1.4252,1385035.5954,27.0449,19.2195
0.475,8.3054,1.4462,1488407.9699,27.3377,19.8851
0.4817,7.2817,1.5841,1486324.9093,26.1596,13.0809
0.473,8.4055,1.4429,1432773.8039,26.9671,17.9683
0.4794,8.4671,1.4916,8163347.7765,29.4076,17.4941
0.472,8.7795,1.4478,1317984.1942,26.9296,15.464
0.4864,8.0894,1.4137,1417692.546,27.336,36.214
0.4658,9.5891,1.4431,7153019.9012,27.589,10.1547
0.4618,7.1888,1.4527,1468238.4149,26.7734,15.2268
0.4776,8.4581,1.5251,7433912.0035,27.5632,12.1431
0.4757,7.315,1.4825,1396792.1963,26.1508,19.6858
0.4811,10.1822,1.4033,1557883.4687,25.1768,17.2781
0.4876,7.3106,1.4841,1358959.5818,27.5857,32.9038
0.4677,7.9105,1.499,7389357.0464,27.863,11.4494
0.4603,8.1239,1.4103,7587081.9692,29.2063,15.5597
0.4547,7.7081,1.4529,8494322.2487,28.9654,10.4025
0.4683,7.4715,1.5461,6974619.098,29.5427,10.5438
0.4776,7.8871,1.4422,1362552.7045,25.0173,20.8403
0.4707,7.0948,1.5487,7341120.8239,29.8191,12.8636
0.4826,8.2988,1.5424,1523826.664,25.3283,12.8744
0.4747,10.3281,1.4422,6926149.5534,27.087,11.5974
0.4698,7.3373,1.4803,7699832.9425,27.4004,15.6752
0.4779,8.0212,1.5267,1349537.0111,26.4466,13.8416
0.4725,8.8844,1.4013,1406295.8728,27.1705,20.1542
0.4593,8.5591,1.4322,7241164.7565,28.3435,11.2793
0.4777,7.3984,1.5235,1232242.7771,25.4882,15.3878
0.4579,9.2456,1.4106,7934279.3245,27.7824,10.0264
0.474,7.6259,1.5746,7121326.8182,29.0386,10.1354
0.476,11.6237,1.4162,7776720.1122,28.7997,12.0887
0.4739,10.6452,1.4003,8035687.4154,27.2423,13.1712
0.4811,8.8084,1.4509,1405038.4275,27.4327,21.4016
0.4729,9.2133,1.4142,7856030.8551,27.7471,16.415
0.4735,7.3656,1.4943,1495591.1042,25.5833,15.8968
0.4831,7.5685,1.5423,1363885.7801,27.869,18.9672
0.4712,10.2966,1.4644,8108953.59,29.3489,10.3571
0.4742,9.2442,1.4779,8066735.3665,29.64,13.4389
0.4656,8.194,1.4269,1407162.3434,27.5581,16.6683
0.4786,11.2556,1.4647,7026009.0559,28.1735,10.5913
0.4605,7.536,1.4918,8022109.4452,28.7454,10.4137
0.4758,8.3276,1.4941,7987243.9646,27.7311,14.2022
0.4777,9.6713,1.4451,1373896.1123,26.8399,15.6453
0.4753,10.5665,1.4391,7784393.9912,27.3514,11.5501
0.4666,7.0493,1.4571,7180013.8354,27.7734,17.978
0.4854,11.8684,1.4228,1478639.6927,27.1079,15.3319
0.4863,7.5,1.4825,1425710.0563,26.5484,27.9936
0.4703,9.288,1.4327,6853421.5715,27.5858,13.492
0.4636,8.3722,1.4141,8036948.5898,29.3493,16.1086
0.4772,12.6127,1.4153,7902129.781,28.37,10.4284
0.4596,8.8718,1.4114,7316953.2954,29.0585,12.5992
0.4608,9.3825,1.4146,8302219.2975,28.3503,10.868
0.48,8.3704,1.5581,1506201.6837,25.164,10.2263
0.4765,8.589,1.506,7802848.6561,29.4083,14.1762
0.4755,10.2912,1.4655,7094277.4527,28.852,11.7977
0.477,9.6233,1.402,7784482.0556,28.4732,19.1969
0.4782,8.957,1.4456,8110376.395,27.0506,16.6727
0.4802,7.3209,1.4565,1413139.4559,27.6592,29.5386
0.4593,8.0363,1.4645,7664216.9035,28.8869,10.6734
0.4688,8.5424,1.5015,7128063.0669,29.95,11.4716
0.4727,7.5362,1.4326,8419775.7241,27.6463,21.7326
0.473,10.9988,1.4202,8015254.2059,28.5523,11.7869
0.4635,8.3644,1.4162,1318211.0291,27.4048,15.6775
0.4662,7.2607,1.4559,1270888.4521,26.209,16.6561
0.4607,7.2854,1.4891,7836064.153,28.5932,11.3413
0.4725,9.7054,1.4678,7500867.1853,28.288,11.3214
0.4744,7.82,1.4544,6878057.6443,28.9212,21.1122
0.4764,7.4844,1.5259,7887914.5451,29.3828,16.3827
0.4611,9.3603,1.4316,7290392.3248,28.9317,10.476
0.4788,8.0289,1.5291,6953940.1852,27.8387,14.0805
0.4642,7.5613,1.5155,7632664.847,29.9015,10.9341
0.4799,9.4236,1.4442,7529971.7015,29.0044,18.3822
0.4663,8.5926,1.4601,8261652.27,28.6036,12.2026
0.4662,9.8773,1.4394,7182959.8652,29.076,10.9097
0.4492,7.8542,1.4197,7749690.6161,29.5087,10.5823
0.4745,10.6836,1.4195,1377146.2315,27.5066,13.8498
0.4759,11.394,1.4402,7148064.6652,28.3785,10.8826
0.487,10.0665,1.4112,1426315.6298,27.5157,24.4395
0.4599,8.7361,1.4402,7268693.2065,27.9777,10.296
0.455,8.3135,1.4062,8446033.5182,29.4367,12.6354
0.4635,8.711,1.4022,1361253.101,26.5266,14.7288
0.4754,9.2987,1.4734,7760590.4886,28.943,13.7079
0.4873,7.614,1.561,1358624.5012,25.5935,16.7207
0.4623,9.1066,1.4418,7834214.5295,29.6151,11.2401
0.4873,8.7932,1.4155,1413714.4851,27.405,31.3892
0.4636,7.216,1.4616,7565488.1628,28.915,15.9746
0.4683,7.6972,1.5058,1369820.9303,26.5157,11.8781
0.4831,7.7186,1.603,1393145.7444,25.9343,10.6686
0.4789,8.0709,1.4148,7583685.9658,29.2312,28.5046
0.4707,7.8576,1.5026,1455526.9297,26.1008,12.4077
0.4795,7.7597,1.4515,1294281.9844,25.1723,22.1002
0.4665,7.4751,1.5147,8068562.2775,27.5681,10.6406
0.4672,9.4723,1.4643,7290466.7276,28.8781,10.4272
0.4889,12.3922,1.4446,1398533.1305,27.8624,14.9111
0.4605,8.4867,1.4156,7579025.7389,29.5497,14.1937
0.4775,11.4277,1.4059,7890865.4382,29.9842,14.7785
0.4797,9.7641,1.4276,1417426.3118,25.7737,16.6602
0.477,12.3835,1.4099,8252466.9033,28.1679,10.8414
0.4764,9.0607,1.4419,1494320.9086,26.9911,17.5244
0.4578,8.1956,1.4308,7491562.2334,29.7164,12.7136
0.4541,7.886,1.4095,7674992.2635,28.4474,12.6662
0.471,8.5289,1.4647,8262398.3516,28.8311,14.4709
0.4636,8.4636,1.4552,8012600.8619,27.3015,10.8159
0.479,10.8961,1.4747,7869529.0635,29.2703,11.4259
0.4715,8.6659,1.4275,7922467.0226,29.491,18.4198
0.4771,11.1162,1.409,1621128.0378,25.0349,12.2027
0.4751,8.0936,1.4631,7790869.5496,28.7251,18.727
0.4759,11.6562,1.4007,1361942.2046,27.8928,13.7661
0.4834,11.7728,1.4041,1387008.0691,26.8328,15.7026
0.4758,7.6861,1.4503,1457533.2843,26.515,22.0031
0.476,8.8197,1.4186,1528176.4579,27.2503,21.0365
0.4791,7.07,1.5867,8021005.2338,29.4046,13.5725
0.4871,8.748,1.4912,1317229.6676,26.4236,20.0697
0.4864,7.8773,1.4459,1375166.3046,27.9777,33.9491
0.4694,9.0818,1.4788,7586693.4819,29.4905,11.5945
0.4636,9.1391,1.4241,1311740.8048,27.4708,12.6336
0.4672,7.662,1.4253,6940842.2446,29.5937,21.0754
0.4788,9.6769,1.4941,1292396.0407,26.6012,12.1657
0.4669,8.1378,1.4258,7557400.0775,27.9742,16.4862
0.4753,11.7395,1.4557,7267337.5592,29.9794,10.1356
0.4773,7.8478,1.557,8322845.1202,28.38,11.7908
0.4678,7.7813,1.4016,8056955.2534,27.1444,19.9453
0.478,7.8625,1.461,1470128.7499,27.0454,22.2254
0.477,7.76,1.5101,1471193.3468,26.4091,15.8158
0.472,7.3067,1.5281,1422487.3962,26.2888,12.9006
0.4746,7.613,1.474,8115358.6852,28.9688,19.7468
0.4875,12.018,1.4034,1466005.8376,25.0423,15.0545
0.4826,10.6452,1.4003,1379713.2321,25.9311,17.9212
0.462,10.0524,1.425,8073668.5136,29.6437,10.0856
0.4705,9.7714,1.463,7825453.4511,29.0115,11.1408
0.4721,8.4149,1.402,1305710.5894,26.0594,20.4417
0.4585,8.107,1.4439,8121160.8359,28.3194,11.189
0.4791,12.1702,1.4244,7844940.4752,29.4518,12.1458
0.4688,7.9927,1.4433,8085143.7903,28.423,16.8582
0.4787,8.7619,1.5301,1439869.2468,25.2548,10.7033
0.4762,7.5709,1.5809,7318508.6382,28.6929,10.5444
0.4783,9.6022,1.4394,1460844.4026,27.1046,16.9763
0.4544,8.3086,1.4001,7422497.9405,28.6927,12.4864
0.4742,8.7877,1.405,7956793.1635,29.2658,21.7056
0.4543,7.188,1.4256,1444507.9409,26.4951,13.3972
0.4614,7.3332,1.4099,1379104.7048,27.5618,19.8507
0.4591,7.2129,1.4002,1471868.3217,26.1115,18.0795
0.4468,7.0451,1.4411,7364105.334,29.7378,10.4402
0.4778,7.3106,1.4841,7284658.3075,27.45,20.7626
0.4825,9.6117,1.4808,1396404.9734,27.2163,15.8065
0.474,10.1095,1.4429,1406835.5131,25.0795,11.1964
0.4773,7.1971,1.5433,7586692.0739,27.9971,15.1566
0.4643,7.1888,1.4776,7603456.0705,28.1391,14.2087
0.4856,11.3473,1.4024,1458885.8903,25.2361,16.2519
0.4709,7.0372,1.4882,7834425.2531,29.5439,19.2503
0.4521,7.111,1.4287,7477670.1876,27.1584,11.7937
0.4839,7.613,1.474,1441155.2288,27.1443,27.3056
0.4733,7.0436,1.4037,1343793.723,25.1076,27.9442
0.4755,10.2546,1.4808,7061890.655,29.0245,11.0258
0.4864,7.0358,1.5719,1448188.2136,27.3402,20.0307
0.4568,7.8134,1.4027,1393183.0904,26.4232,14.2868
0.4499,7.1056,1.4346,7106879.4218,28.1377,11.1246
0.4698,8.109,1.4479,7788360.3028,28.2768,16.456
0.4639,7.3634,1.4147,7795228.1951,27.5175,18.742
0.4822,8.1157,1.4355,1416370.91,26.9564,27.4497
0.4747,9.4635,1.4677,7581405.4292,29.6925,13.9653
0.4664,7.5064,1.4303,1490383.6991,27.0694,19.3335
0.4791,12.5589,1.4099,7273813.6025,27.9557,11.2901
0.4826,11.6377,1.4647,1379023.5508,27.7414,12.226
0.4803,10.4848,1.4428,1451106.6546,25.0888,12.9124
0.4477,7.525,1.4202,7678488.253,29.0899,10.5857
0.4686,8.2367,1.4414,1443340.346,25.1413,14.1321
0.465,7.6609,1.4105,8099553.5496,29.3812,20.5646
0.4822,9.2249,1.4731,1457497.5929,26.6545,16.9958
0.478,7.5691,1.459,7913105.5115,29.455,25.2429
0.4789,7.0603,1.5113,1380971.804,25.061,18.3947
0.4803,7.2687,1.4579,1541380.2899,27.692,29.8437
0.4674,7.5228,1.5213,7632388.9006,27.8599,10.7069
0.4756,8.6872,1.428,7949573.6546,29.8973,21.4124
0.4736,7.2375,1.5241,1468277.5124,25.4186,13.5134
0.4795,8.4439,1.4583,1434476.1428,26.146,19.3378
0.4603,7.1655,1.4556,1434426.7608,27.0897,14.5064
0.4813,8.7302,1.5258,1354914.9266,26.0884,13.0333
0.4631,7.7763,1.4076,6664917.3345,27.5555,17.3451
0.4597,7.2829,1.4114,1445013.335,26.1321,16.9879
0.4795,8.278,1.5469,7575457.5629,29.7032,13.541
0.4615,8.3518,1.4073,1305402.8576,26.1255,14.0928
0.4684,7.9162,1.4872,1289903.8108,25.2231,11.5819
0.4739,8.5424,1.5015,1444749.276,26.5878,12.38
0.4795,7.1063,1.4129,1452774.3868,27.8122,38.8106
0.4708,8.4199,1.4515,1424291.7632,25.7808,14.4828
0.4805,7.233,1.4301,1354927.2635,27.5791,34.9901
0.4663,7.8131,1.4613,1372867.6277,27.7147,15.4487
0.4796,8.4866,1.4496,1248089.8781,27.4143,22.071
0.4594,7.7255,1.4732,7516532.7823,28.8543,10.946
0.4805,8.0296,1.5277,1486749.0709,27.7036,16.5333
0.4738,10.6744,1.4476,7743252.1013,27.7298,10.5286
0.4785,8.6373,1.4896,7632710.4644,29.9986,17.2345
0.4675,9.3563,1.4428,7073329.9347,28.097,11.7281
0.4628,7.1239,1.4297,7614265.4724,28.6977,19.0948
0.4748,9.7335,1.4403,1196406.2127,25.8415,13.4326
0.481,9.4635,1.4677,1286073.7992,26.6429,16.0352
0.463,7.6972,1.5058,6994273.4726,29.1759,10.4069
0.4653,8.0672,1.4486,7589162.1815,29.0198,14.8387
0.4799,10.6037,1.4615,1416397.2568,25.3762,11.5246
0.4766,8.7006,1.5161,8739297.7704,28.4187,12.0818
0.478,12.4959,1.401,7224921.5055,27.3059,11.0346
0.4733,7.7813,1.4016,1468275.0262,25.9576,24.6174
0.4876,10.1139,1.4126,1528962.8913,26.7033,23.0759
0.4743,11.0612,1.466,7433731.4801,29.7119,10.2257
0.4738,10.1071,1.4275,7531072.3296,29.2121,14.4275
0.463,8.3969,1.4497,7406426.8752,29.8869,13.2118
0.4773,9.2543,1.5284,7186917.7925,28.118,10.2147
0.4825,10.1071,1.4275,1321416.8279,25.4447,16.7063
0.4839,7.7751,1.4313,1431366.7365,25.3526,28.683
0.4701,7.6056,1.4999,8033714.9282,28.7584,14.1313
0.4776,7.82,1.4544,1267296.1391,27.9493,24.4997
0.4849,7.036,1.5565,1484687.2169,27.504,21.0311
0.4788,12.3922,1.4446,7465158.6678,28.7264,10.0661
0.4632,8.2086,1.4517,7987580.3637,27.2995,11.5715
0.4734,8.4573,1.4693,1384587.1613,25.0177,13.3968
0.4841,7.2452,1.4325,1326287.9623,27.2438,37.9408
0.4726,7.8556,1.5295,7190873.1848,28.8327,12.2733
0.4655,8.1543,1.4412,1389518.4711,25.0639,12.8772
0.4779,7.4629,1.4367,1332382.9725,26.423,26.9061
0.4785,10.8219,1.4346,1293335.0058,25.4473,12.3099
0.4759,7.0124,1.5244,1386802.5951,25.9004,16.3524
0.4794,9.6898,1.4481,1398683.3807,25.0274,14.18
0.4783,11.0617,1.4293,1511767.6656,25.9504,12.4392
0.4811,7.3772,1.4114,1432235.7225,25.3597,32.1917
0.4806,8.2571,1.4735,1430896.9791,25.4316,18.2957
0.4824,12.9419,1.4073,1449526.8577,26.2956,11.912
0.4791,10.8127,1.4799,1418526.099,26.0083,10.2175
0.482,9.6299,1.4109,1438833.1685,27.6476,22.9238
0.4739,11.1601,1.4114,7228036.1886,29.0986,12.9285
0.4672,9.0798,1.4685,7866890.5915,28.6893,10.8287
0.4611,7.7349,1.4771,7732676.8823,27.1327,10.1477
0.4596,8.3086,1.4001,1350484.9558,26.7046,14.4803
0.477,8.9618,1.5089,1308447.8039,27.5812,12.945
0.4895,8.7339,1.4048,1453445.987,27.8699,36.9777
0.473,7.5466,1.5674,8104096.3699,29.5549,10.6471
0.4656,8.7169,1.4479,7914685.6362,29.013,12.8202
0.4756,7.5362,1.4326,1493995.9998,26.2008,24.4927
0.4796,9.0568,1.4297,8169857.8466,27.1143,18.6032
0.4658,7.7763,1.4076,1338724.9327,27.3937,20.5874
0.4766,11.7256,1.4211,1403680.9125,26.5594,11.4349
0.4615,8.897,1.4152,7198330.584,28.793,12.8972
0.4782,7.4551,1.5046,1375708.4028,27.314,19.7776
0.4797,9.7038,1.4398,1373302.4584,25.2461,15.2363
0.4564,7.5064,1.4303,7890895.6799,28.055,12.9803
0.4822,8.7981,1.4293,1404422.0107,26.6128,23.4884
0.4492,7.1309,1.4105,7991043.353,28.7979,13.0842
0.4757,9.2133,1.4142,1468991.1497,25.5079,17.2483
0.4773,10.2678,1.4336,1334905.8538,26.7596,14.4823
0.4841,8.0225,1.4133,1318419.9231,27.1329,33.8226
0.4674,8.0239,1.469,1436469.3645,25.3579,12.2686
0.4798,9.5338,1.521,7885407.2957,27.7202,10.6915
0.461,9.5131,1.4038,8296639.0113,27.5602,10.7631
0.4731,7.233,1.4301,7243772.6903,28.1069,25.4593
0.4793,10.1845,1.4231,8947211.3297,28.3383,16.1118
0.4787,7.3453,1.5047,7660044.5517,29.5704,21.4063
0.4771,8.397,1.4346,7848237.7781,29.1929,22.3297
0.4699,7.2158,1.505,1414276.0771,27.4363,15.3833
0.4679,9.6384,1.4346,7513762.929,28.1484,11.7301
0.4705,8.1195,1.4516,7181461.4507,29.1518,17.5585
0.4719,9.4723,1.4643,1244048.0865,27.2232,12.2798
0.4721,8.4582,1.4781,1330085.4434,27.2918,14.3297
0.4626,8.822,1.4601,8098391.4701,29.7205,10.8035
0.4661,8.8727,1.4091,7374270.6914,29.1557,16.0327
0.4858,9.5445,1.4148,1350731.3995,27.8854,26.3057
0.456,9.108,1.4002,1374083.2528,26.9907,10.8126
0.4722,10.8051,1.4205,1370582.3078,25.425,10.7072
0.4721,9.4333,1.4217,1290820.4976,25.1858,13.6975
0.4751,9.4904,1.503,7892176.4876,28.807,10.8331
0.463,9.0687,1.422,1379202.5175,25.528,11.0702
0.4765,10.3668,1.4395,7855334.2488,27.3718,12.4795
0.4511,7.525,1.4202,1359498.8702,25.4321,10.3684
0.47,12.1791,1.4093,7037375.9555,29.8823,10.1599
0.4719,8.1363,1.4762,8761881.3852,28.2421,14.671
0.461,7.9293,1.4178,1327111.504,26.9033,15.2722
0.4771,10.2636,1.4507,7710565.2382,28.2629,12.9892
0.4755,10.7487,1.4257,1398802.591,27.5637,13.7298
0.4728,8.3722,1.4141,1516089.7538,27.8336,22.3246
0.474,9.0629,1.4564,1285694.2539,27.72,15.662
0.4509,7.1262,1.4452,7285872.1146,28.5178,10.9254
0.4747,10.1864,1.4038,8262934.8089,29.9235,17.0587
0.4841,7.209,1.5552,1384031.587,27.4552,19.5215
0.4829,8.717,1.454,1429711.2347,27.9968,23.6851
0.4635,8.5701,1.438,1416797.161,26.0434,11.884
0.4717,9.2395,1.4582,1558842.6569,25.0899,11.2972
0.4654,8.5401,1.4478,7453016.4746,27.2821,11.9571
0.4683,7.3955,1.4823,1263753.2136,25.1688,13.6062
0.4868,7.7113,1.48,1446025.7778,25.6706,25.5922
0.4701,10.845,1.4006,8057514.4486,27.4047,11.3409
0.476,7.9303,1.5168,7990991.2792,27.8861,13.87
0.4641,7.934,1.4078,1301847.9717,25.6137,16.4316
0.4833,7.5305,1.4384,1484090.36,27.7699,34.2603
0.4842,8.0841,1.4064,1366472.9151,27.5735,35.5626
0.4696,9.5194,1.458,7932700.372,29.2366,11.8181
0.4795,10.4168,1.438,1293578.3864,25.2823,13.3137
0.472,9.153,1.4308,1397883.5414,26.4664,15.144
0.4524,7.0498,1.4566,7587447.1797,28.6602,10.9461
0.4762,9.0843,1.4154,1361394.6104,25.051,17.2988
0.476,9.4218,1.4067,1580676.0739,25.7138,17.5201
0.4707,8.1437,1.4689,1399253.716,25.2219,13.3532
0.4722,7.9199,1.5155,8180086.3688,27.4999,11.7591
0.4665,7.2787,1.4543,7963218.6465,27.7096,16.8486
0.4694,8.3914,1.5038,7812756.6271,27.9484,10.5048
0.479,7.0517,1.4724,1349239.4825,25.5611,24.189
0.4615,7.0335,1.4669,7259030.3549,27.7952,14.0295
0.4881,7.4301,1.5467,1528683.2343,25.6878,19.8867
0.4856,7.4355,1.432,1326761.532,25.6767,33.945
0.4804,8.6777,1.4287,1587359.6011,27.9696,24.9412
0.4841,12.9595,1.4117,1537064.1753,25.618,11.6578
0.4598,7.0724,1.4614,7521522.0606,28.3101,13.8497
0.4694,7.5979,1.4383,7588320.5712,29.478,21.0649
0.4797,7.4066,1.4198,7863993.2953,29.6865,34.63
0.4692,7.267,1.5439,7821222.6209,29.0272,11.2676
0.4784,7.426,1.427,7478199.9416,27.2458,27.5633
0.4609,8.5117,1.4574,7920831.7772,29.6832,11.0911
0.4758,7.4735,1.5694,8066628.3375,27.0883,10.3002
0.4813,9.7732,1.4796,1484502.7311,25.7594,13.2607
0.4753,8.5201,1.4178,1321657.4815,25.4769,19.4684
0.4595,8.711,1.4022,8618496.7078,27.9029,12.5447
0.4633,7.0421,1.429,7673071.9282,28.2909,19.4435
0.4841,8.2879,1.4987,1497916.4255,26.0053,18.6689
0.4824,8.8737,1.4746,1319376.7906,25.7089,17.1928
0.4796,11.9451,1.4111,7785577.5608,29.7261,13.9334
0.4846,10.8708,1.4437,1421224.4035,26.4415,15.3075
0.4593,7.782,1.4574,7935461.567,27.6817,11.0124
0.4749,10.845,1.4006,1450148.8313,26.2375,13.7291
0.4666,7.7195,1.4406,1406695.3977,25.0591,14.9753
0.4668,7.0051,1.5102,8062670.821,28.7814,13.6952
0.4771,8.3529,1.4215,7340131.675,28.7052,23.6522
0.4767,9.2087,1.4074,1243465.0877,26.5715,20.0642
0.4531,7.1056,1.4346,1415606.8742,27.6065,13.2686
0.4655,7.6658,1.4645,7892226.2605,29.2056,15.116
0.4736,9.7276,1.4039,8081263.1971,27.6667,15.7838
0.4815,10.6109,1.4831,1484370.6953,27.8082,12.8459
0.462,7.2551,1.4201,1386537.1275,26.6882,18.3517
0.4861,8.0547,1.5059,1318937.6877,26.3447,20.971
0.4622,9.153,1.4308,7549938.3519,27.6466,10.5317
0.4658,7.8576,1.5026,7428701.1914,29.0957,11.3494
0.478,9.451,1.4872,7714223.6007,27.3948,12.1684
0.4766,10.0048,1.425,1393502.0022,25.7564,14.5165
0.469,8.5805,1.4093,1453318.3911,26.1533,17.0989
0.4853,9.6175,1.4141,1447360.0833,26.6982,23.5946
0.4797,9.2452,1.417,7002584.1313,29.0424,22.0653
0.4762,12.0277,1.4042,8494091.1689,29.1129,12.1637
0.4628,9.4333,1.4217,7474057.2187,27.2913,10.4321
0.4662,7.7857,1.4507,1519249.6322,26.0174,14.6614
0.4758,7.1477,1.4286,1419417.1589,25.5819,26.7746
0.4763,8.2113,1.457,1419184.4608,27.3995,20.1223
0.4786,11.0146,1.4068,7861242.6918,29.404,15.8962
0.4644,7.3186,1.4499,1395508.0993,26.5059,16.2117
0.4855,10.823,1.4706,1356999.2137,27.5153,14.9134
0.4497,7.4246,1.4306,7968427.3481,28.1089,10.2473
0.4775,8.092,1.5362,7646247.7641,29.9824,14.2524
0.4765,8.7771,1.5058,7328560.2412,28.925,13.3044
0.4719,10.0624,1.454,7620434.9381,27.4304,10.5376
0.4797,9.2513,1.4505,1308929.6979,25.9064,16.6825
0.4871,7.07,1.5867,1425203.5301,25.4566,16.1909
0.4824,10.4414,1.4766,1375017.1708,26.0824,12.6257
0.4777,8.9018,1.435,1269488.4706,26.6788,19.3202
0.4684,7.4827,1.441,7464516.6579,27.504,18.2862
0.4762,8.7619,1.5301,7599005.09,28.4058,10.9327
0.4759,7.2452,1.4325,7030696.6881,29.711,30.4634
0.4795,8.4802,1.5192,1348994.8229,27.3294,14.6855
0.4694,9.2027,1.4549,7935661.5302,29.1373,12.7122
0.4724,7.267,1.5439,1353060.6592,26.4672,12.0829
0.4765,11.2069,1.4611,7616659.1249,28.5497,10.2806
0.4625,8.194,1.4269,8528201.8789,28.8023,14.3981
0.4737,7.7034,1.4595,7638168.4281,29.6062,21.2378
0.4689,11.1162,1.409,7662768.9108,27.8902,10.3141
0.4878,7.6644,1.5847,1423184.0215,26.8658,15.9177
0.4588,7.7668,1.4677,8088844.7892,29.2811,11.147
0.4877,10.2308,1.4659,1440793.0929,26.5473,17.2441
0.4679,7.3656,1.4943,7819400.5599,29.6899,15.2598
0.4743,8.6124,1.471,8129965.0747,29.9932,16.4864
0.4657,7.5367,1.4214,8309798.8933,29.4984,20.5442
0.4846,10.3668,1.4395,1281776.4337,26.1426,16.8605
0.4732,8.0965,1.4964,1230362.0147,25.9364,13.2555
0.4833,8.3358,1.5301,1312439.1395,27.9988,17.1332
0.4625,7.0952,1.496,1349652.5144,27.2074,12.397
0.4636,7.6292,1.4655,1444081.5383,27.055,13.581
0.4684,7.0114,1.4729,7687261.6052,28.1511,17.905
0.4772,8.748,1.4912,7999104.2562,29.3251,15.2008
0.4827,9.4135,1.4405,1428783.6042,27.7846,21.3545
0.483,7.0708,1.6103,1442990.3765,26.6549,12.6003
0.456,7.93,1.4262,1318255.3153,25.2189,10.6497
0.4864,7.8564,1.4936,1403328.4759,26.7084,24.3863
0.4773,8.5658,1.5452,7438901.9928,27.6654,10.3529
0.4853,8.77,1.4324,1445537.9534,26.1844,24.9945
0.471,8.765,1.4035,7720382.5718,29.7067,20.4023
0.4867,10.1845,1.4231,1294898.1862,27.735,22.6831
0.4796,11.6972,1.4458,1407850.7413,26.5635,11.1539
0.4773,8.1489,1.4926,8199057.2959,27.2717,15.227
0.4736,9.2378,1.4326,8254536.6301,29.327,16.6404
0.4531,7.714,1.4428,7303239.4377,28.3885,10.2524
0.4749,7.6609,1.4105,1434867.7413,26.2619,26.1855
0.4597,7.4862,1.4358,1276291.7509,26.7735,14.4893
0.4694,8.1051,1.4493,7962136.6978,29.2149,17.0173
0.4883,8.8451,1.4633,1463287.0576,25.0165,21.2005
0.4773,9.2378,1.4326,1496065.2796,25.5105,16.3741
0.477,7.9003,1.4117,1416770.5619,25.8336,25.4132
0.4687,8.0433,1.4292,1313968.7555,26.056,17.1608
0.4719,9.7885,1.4005,7367633.2309,27.5693,15.0602
0.4767,7.6754,1.5549,1336383.77,26.1493,11.6954
0.4745,9.5865,1.4658,1529378.8072,27.0933,12.8965
0.4708,8.3969,1.4497,1302832.9996,26.3598,15.3844
0.4739,11.9603,1.4061,8275283.027,27.2816,10.1043
0.4867,7.2368,1.5048,1373126.6999,27.4296,28.7622
0.4587,8.0935,1.4516,7415352.3181,28.6548,11.0728
0.4756,10.01,1.4497,7405968.6777,29.808,14.3775
0.4789,7.6056,1.4999,1338348.7878,26.6731,19.1959
0.4639,8.0895,1.4207,7909677.4204,29.1523,16.5839
0.4791,8.4676,1.4222,1356375.9379,27.4272,25.1418
0.4618,7.6811,1.4262,1464034.8291,25.1988,14.0195
0.4858,8.466,1.4527,1414563.3157,26.3214,24.8681
0.4765,9.5511,1.424,1376812.7892,26.2443,16.5292
0.4795,10.1565,1.4683,1429146.3274,25.4321,12.0035
0.4827,8.1489,1.4926,1511630.5675,26.8596,20.1892
0.4813,8.2502,1.4676,1337158.3865,27.2945,22.2494
0.4726,10.0048,1.425,7936845.5549,29.9485,14.8954
0.4497,7.2129,1.4002,7844879.7049,27.6588,12.9609
0.4787,9.8149,1.526,7230669.2987,29.9221,10.8552
0.4772,9.2969,1.5023,1316840.5502,27.7959,12.827
0.4817,9.2537,1.4571,1282111.7765,27.3383,19.0461
0.4594,7.866,1.4132,7210235.7879,29.9598,16.6444
0.4557,7.1888,1.4527,7770117.7077,27.3291,11.3469
0.4741,10.1651,1.4553,1296002.6127,26.2385,11.3394
0.4779,9.5194,1.458,1233583.177,27.6651,16.0564
0.4878,11.5328,1.4342,1374130.1651,27.3474,16.8706
0.4777,9.2969,1.4552,1419696.7169,26.7445,15.9368
0.4747,8.5785,1.4013,1552334.2397,27.553,23.7718
0.481,9.416,1.4478,1368172.441,25.92,17.0697
0.4694,8.2963,1.4278,1463964.4917,27.8474,18.8112
0.4763,7.635,1.407,1433358.0116,26.4984,28.5972
0.4805,8.8171,1.5019,1509542.7172,26.8484,15.0902
0.4856,7.0338,1.6162,1552323.5324,25.6265,12.6749
0.4771,7.4838,1.4353,7021249.1175,28.7354,27.6272
0.477,8.4054,1.4984,1432670.5314,27.5807,15.6515
0.4751,10.5959,1.4184,7269967.5343,29.9053,15.0358
0.4586,7.0795,1.4224,7630178.6036,28.0448,16.6919
0.4656,7.4956,1.4125,7318063.3424,27.1496,19.0339
0.4599,7.7695,1.4113,1416482.4213,25.8441,14.7091
0.4855,9.0743,1.4311,1389687.2699,25.9175,23.2336
0.4696,7.6253,1.4533,1499494.8088,27.7215,19.1651
0.4804,7.2374,1.5734,1374280.5582,25.492,12.8439
0.4713,9.4049,1.4615,8100624.2638,28.1921,11.7874
0.4798,8.8451,1.4633,7810464.8243,29.8897,19.681
0.4748,10.3223,1.4808,8235173.8218,29.6104,10.7634
0.4748,8.5527,1.4531,7476062.723,27.4328,16.2478
0.4687,7.8305,1.5004,1442240.9633,25.1141,10.8556
0.4754,8.7098,1.5339,7275212.6884,28.782,10.7811
0.4696,10.011,1.4343,7399104.9115,27.385,10.9956
0.4782,7.7067,1.5171,1501232.637,25.1388,14.5748
0.4629,7.0668,1.4961,1465103.0425,27.2462,12.6685
0.4706,8.5732,1.4087,8104916.37,27.9184,18.2724
0.4842,8.1563,1.4348,1365466.6427,26.231,27.6802
0.4524,8.052,1.4187,7601088.6311,28.1214,10.5739
0.4652,10.0439,1.409,7867155.7628,27.0003,10.4862
0.483,8.957,1.4456,1366163.7351,27.3529,22.5939
0.4855,10.2568,1.4765,1367215.6383,25.2798,13.7187
0.4712,7.0231,1.5,6956038.0559,29.8898,18.8268
0.4686,9.5131,1.4038,1460233.0314,26.1537,14.1578
0.4774,8.3914,1.5038,1392926.7494,25.5611,13.3826
0.4732,8.7488,1.4952,8228640.9586,27.5647,11.4472
0.4575,7.3332,1.4099,7625909.229,29.7857,17.9359
0.4482,7.1532,1.4175,7592408.6763,29.19,12.2719
0.482,7.0218,1.5117,1352051.1379,26.5103,23.2617
0.4756,7.0411,1.477,1356934.2015,26.9164,23.0337
0.4843,8.8463,1.41,1319605.2747,27.5239,29.2303
0.4656,7.3043,1.4786,7894900.2065,29.0857,15.172
0.4774,11.1794,1.4368,1417895.6801,26.1497,11.5315
0.4593,8.3644,1.4162,7670268.0075,27.5906,12.3601
0.4707,9.6898,1.4481,7717245.0983,29.3669,12.6886
0.468,7.6423,1.4754,7030455.0145,29.2311,15.7826
0.4711,10.8639,1.4042,7532717.51,29.1241,12.8794
0.4772,7.7937,1.4765,7710653.5837,29.5852,21.2344
0.4694,7.2617,1.5169,8244726.4301,29.3974,13.9684
0.4789,9.4049,1.4615,1265595.8234,25.6154,14.4604
0.4676,8.6616,1.4166,7062542.1355,27.9088,15.7446
0.4782,7.7113,1.48,7732539.9645,28.3252,20.4172
0.4712,9.5511,1.424,7054734.6702,29.2642,15.2825
0.4649,8.809,1.4273,8304740.5974,29.3062,13.9801
0.4815,7.2518,1.4316,1479512.0854,27.0468,34.3964
0.4846,10.975,1.4124,1400283.1841,25.484,16.3755
0.4657,7.7538,1.4142,1309784.4913,27.9619,20.6438
0.4807,7.4735,1.5694,1495782.0084,25.1686,12.2234
0.4721,8.0672,1.4486,1252650.6118,25.8821,17.003
0.4549,7.5562,1.4263,7524743.9371,29.5615,13.7163
0.4796,7.7135,1.4817,1443671.0896,25.6191,19.6128
0.4819,7.6728,1.4971,1438148.5564,25.4279,19.4126
0.4738,8.5732,1.4087,1299993.8055,25.5487,19.3446
0.4774,7.0401,1.5803,7700908.9304,29.1234,13.1587
0.4701,9.0864,1.4728,7536633.902,28.8069,11.8806
0.4749,12.1791,1.4093,1286563.187,27.7991,11.6249
0.477,8.1385,1.4897,7908608.9551,28.5738,16.8192
0.4689,7.3886,1.424,1394339.1542,25.362,19.9877
0.4718,9.2537,1.4571,7729623.3553,28.3466,12.896
0.4578,7.934,1.4078,7487687.2057,28.4944,14.5477
0.477,8.1431,1.4745,6991861.712,28.2282,18.2169
0.4599,7.0428,1.5144,7925592.7685,29.7255,10.4348
0.4708,8.9921,1.5089,7419876.2694,29.6018,10.4017
0.4841,10.4763,1.4794,1365058.1715,26.3291,13.3368
0.4773,9.2406,1.4121,7746128.5826,29.211,20.9166
0.4751,7.7176,1.4948,7183803.7331,29.4964,18.0874
0.4759,11.2932,1.4286,8000717.7194,27.2564,10.7944
0.4791,9.2257,1.5245,7766744.2599,28.3638,11.3527
0.478,8.7932,1.4155,7819585.5978,27.4409,20.7316
0.4742,8.4054,1.4984,7375553.6651,27.0009,12.2925
0.4849,12.6127,1.4153,1396694.1829,27.3787,14.1341
0.4792,9.0646,1.4825,1316379.056,27.078,15.5041
0.4705,8.7931,1.4226,1411086.2471,26.6261,16.5058
0.4529,7.4921,1.4081,8612801.2576,27.3692,12.4635
0.4791,7.1431,1.4399,1462403.5366,25.1259,27.2092
0.4692,7.5992,1.4664,7142107.9998,29.8889,18.3273
0.4798,7.614,1.561,7609135.0599,28.5049,13.7034
0.4774,8.7877,1.405,1355158.8634,26.9824,23.387
0.4757,9.3395,1.4847,1269486.213,26.4595,12.1981
0.4632,7.1454,1.4637,1338422.4788,27.7019,16.1925
0.4765,7.7597,1.4515,7152491.8562,27.2824,20.9877
0.484,9.1173,1.5364,1314602.2371,26.8527,13.1067
0.4789,9.6558,1.4715,8622242.8553,29.4214,14.7424
0.4611,8.1437,1.4689,7853842.2076,29.7189,11.3403
0.4802,7.175,1.4993,1394086.1171,26.7977,22.7997
0.4791,9.7672,1.4102,1310440.651,25.0771,16.9746
0.4769,10.1537,1.4838,7568573.5898,28.355,11.0533
0.4808,10.4607,1.4807,1486407.006,26.9508,12.3241
0.4832,7.9409,1.5292,1498033.7152,25.3826,15.7011
0.4752,8.6665,1.4341,7908662.1445,29.3002,19.8169
0.468,9.485,1.4163,1439765.6857,25.0469,11.9699
0.4714,10.6037,1.4615,7795579.0956,29.3025,10.0095
0.4715,8.3505,1.4199,1252597.5658,26.3237,18.8723
0.4739,9.6117,1.4808,7728597.9428,29.4491,12.017
0.4646,7.536,1.4918,1315703.7047,25.6004,10.9918
0.4644,7.713,1.4171,1428393.8754,27.5128,19.0219
0.4823,9.1274,1.4281,1359520.4071,26.7667,22.3411
0.4673,7.0795,1.4224,1393804.8193,25.9944,21.8341
0.4743,10.0176,1.4418,1415994.7019,26.6382,13.0536
0.478,10.7036,1.4531,7704178.6629,27.4465,11.5142
0.4581,8.3518,1.4073,7542201.5104,29.1317,13.7988
0.4728,9.145,1.4264,1432454.702,26.6024,16.1334
0.4699,10.4457,1.4282,1362500.5692,25.7511,10.4076
0.4681,9.1066,1.4418,1303237.4424,27.1478,13.1504
0.4859,7.3273,1.5434,1481400.3521,25.9546,19.5771
0.4613,8.85,1.4165,1507307.2113,26.2879,11.9066
0.4695,7.4291,1.4485,8194610.716,28.6756,19.6571
0.4838,7.3539,1.4894,1411938.2592,27.0568,26.6055
0.4728,7.3238,1.4935,1406098.1754,26.812,17.2897
0.48,8.4439,1.5069,1473084.9979,26.2823,15.0729
0.4876,7.1246,1.4716,1447288.9746,25.3443,31.4013
0.4621,7.1459,1.4365,7378506.5165,28.8912,18.0025
0.4754,10.323,1.4611,7114775.1802,29.5878,12.528
0.4772,10.5756,1.4235,1337242.7794,25.1168,12.7335
0.4529,8.1576,1.419,7554031.9342,29.8767,11.6289
0.4773,8.1297,1.4839,7281914.6177,29.7769,19.1368
0.4711,8.3664,1.4227,1452044.9859,27.691,19.9637
0.487,7.2031,1.6032,1352250.0323,26.3311,14.8698
0.4842,9.6339,1.5089,1292993.4692,27.6381,14.7325
0.4601,8.1069,1.4647,7759586.8184,29.603,11.2747
0.476,9.7214,1.427,1345841.1041,25.6088,14.7589
0.4622,8.5805,1.4093,7676961.3887,29.2125,14.9819
0.4753,9.3829,1.4183,1433491.1183,25.0388,15.4435
0.4746,8.8463,1.41,8246741.3922,29.2055,20.9672
0.4583,7.2607,1.4559,8008456.3916,27.7018,12.291
0.4814,9.2543,1.5284,1380016.8165,26.0303,11.3988
0.4523,9.108,1.4002,7483484.8688,29.3806,10.0169
0.4792,11.9603,1.4061,1378262.9235,25.8173,12.2582
0.4657,8.7361,1.4402,1399929.744,27.7845,13.8216
0.472,8.0679,1.4829,1252485.1338,25.7434,13.6555
0.4756,7.3539,1.4894,7576626.7925,29.0596,20.2981
0.4654,7.1295,1.481,1481032.9911,26.7106,14.7438
0.4682,8.0059,1.4251,8068817.3018,29.5064,19.5062
0.4623,8.5216,1.422,7860909.8075,29.5364,14.3632
0.4632,7.2553,1.4363,1313749.9546,27.9844,18.9979
0.4789,7.2039,1.488,7608604.2756,27.4899,21.7314
0.476,7.161,1.4082,1398348.954,26.1302,31.1693
0.4743,7.3385,1.4973,1454272.1056,27.4435,18.5607
0.4811,7.4838,1.4353,1416826.632,25.3287,27.5699
0.4816,11.0469,1.4107,1374490.5407,26.4473,15.892
0.4849,9.4508,1.4859,1482311.7054,26.111,15.9695
0.465,7.7255,1.4732,1351048.3624,26.1179,12.4656
0.4756,9.4972,1.4399,1417065.7555,26.8674,15.5509
0.479,8.3358,1.5301,7521842.938,28.0295,13.1557
0.4753,11.7728,1.4041,7319283.9521,27.2053,11.1411
0.4822,11.1601,1.4114,1368069.1848,26.2634,15.5783
0.4837,9.7889,1.4046,1461638.0012,26.7246,22.6925
0.4805,8.0708,1.5121,1290945.4811,27.9458,18.3227
0.4744,7.2163,1.54,1488454.0513,27.9534,15.1052
0.4749,7.2625,1.4508,1390360.5636,25.1223,21.5082
0.4818,9.1482,1.5374,1365247.1557,27.823,12.6993
0.463,9.2395,1.4582,8497685.0969,29.729,10.0651
0.4829,10.7036,1.4531,1430410.3432,27.0353,14.7804
0.4762,10.1188,1.406,7837093.8701,29.8005,17.9315
0.4762,8.5274,1.5046,7608978.7429,28.4609,13.5727
0.4832,8.7735,1.426,1262979.1143,27.7552,26.9662
0.477,7.0542,1.4036,1428237.6404,25.801,33.1108
0.4843,8.092,1.5362,1362679.4485,27.169,17.2449
0.4592,8.0239,1.469,7857268.5229,29.4295,10.6467
0.4778,9.3202,1.4986,1383484.2395,25.2905,11.1285
0.4767,7.6856,1.4444,7750985.8577,27.8368,23.0
0.4806,9.5577,1.4571,1316724.9295,27.5724,17.4845
0.4761,9.2513,1.4505,7658802.8804,27.1322,14.3784
0.4693,8.3842,1.4301,1445549.1683,27.4004,17.5774
0.4619,9.2021,1.4093,8230234.0524,28.4579,12.2056
0.4807,10.6798,1.4134,1363906.04,27.1282,17.0775
0.4532,8.2715,1.4083,1473411.2454,26.0507,10.4989
0.4795,8.533,1.4418,1374299.3585,27.1621,22.291
0.4557,8.085,1.4047,8307669.4338,28.882,13.3983
0.4729,11.5743,1.4396,7151120.2859,29.7056,10.3585
0.4791,10.011,1.4343,1286836.4333,25.4409,14.66
0.476,11.9789,1.4309,7426292.2379,28.7792,10.5932
0.4625,7.13,1.5283,7495588.9289,29.753,10.3287
0.4734,8.106,1.5432,6985450.5996,29.4316,11.2319
0.4735,7.6658,1.4645,1301260.4626,25.1066,16.9664
0.4624,7.2657,1.422,7232928.5997,27.8623,18.0375
0.4842,8.7654,1.4686,1376604.114,25.4415,18.9135
0.4695,8.9715,1.415,1437410.9762,27.207,16.624
0.4771,11.0017,1.416,7920067.4123,27.9712,13.2731
0.4873,8.0754,1.4892,1428795.8519,26.7433,24.438
0.4744,7.5719,1.5625,6940735.9463,29.1516,11.5463
0.4845,7.8211,1.4322,1356861.3116,25.4964,29.0991
0.4766,7.061,1.5593,7796867.6504,29.5072,15.0445
0.4826,7.2299,1.5442,1434585.8916,25.2557,16.6949
0.4781,8.962,1.4065,1320954.7923,26.3723,21.9388
0.4709,10.8219,1.4346,8472959.4609,29.0764,10.7323
0.4671,8.6482,1.424,7694700.8643,29.2516,16.0577
0.4649,7.1598,1.4141,1347039.8096,26.8538,21.8521
0.4806,8.6665,1.4341,1303105.6198,26.7386,22.7042
0.4773,7.036,1.5565,8123623.6003,27.1318,13.5526
0.4647,9.9253,1.4044,8380047.2579,29.455,12.5776
0.4819,8.2631,1.4901,1412592.5671,25.2475,17.2229
0.4729,9.809,1.4414,1417524.9995,25.1302,11.6046
0.4747,8.962,1.4065,8392672.8832,28.1094,19.4201
0.4695,11.6815,1.4041,7348411.3042,28.7177,10.3582
0.4701,10.1931,1.4079,1282469.0899,25.2699,11.8848
0.4547,7.1816,1.4429,7616264.6069,27.5305,11.866
0.4609,7.363,1.4305,7429976.6942,29.9463,17.9734
0.4707,7.6241,1.4589,7578811.1008,29.0202,18.919
0.4765,7.7942,1.4948,1444038.655,26.0313,16.3932
0.4635,7.6454,1.4472,8833354.7255,28.202,14.567
0.46,7.3206,1.459,1439076.7724,25.1236,11.6559
0.4595,7.3901,1.4299,7703303.7061,29.7422,16.7576
0.4717,9.5577,1.4571,7393572.384,28.3536,12.1367
0.4721,9.5307,1.4528,1277023.5014,27.2603,13.0911
0.4743,7.2019,1.4386,7084337.5528,29.5724,28.0229
0.4552,7.2553,1.4363,7878665.4987,28.9022,13.4849
0.4792,7.2736,1.4925,6973832.5831,28.5201,22.6209
0.4679,7.8697,1.5181,7596069.1844,29.5008,11.2753
0.4712,7.6753,1.4666,1314202.3136,25.5596,15.9627
0.4789,10.326,1.4999,8524768.0409,29.6043,11.1049
0.467,8.0679,1.4829,7788043.1346,27.3461,11.4119
0.4569,7.7581,1.471,7282991.297,29.4787,10.3665
0.4716,7.3634,1.4147,1259009.6057,27.8077,27.7016
0.4898,9.4236,1.4442,1426744.7287,25.0536,21.6944
0.4794,12.018,1.4034,8187366.4801,29.6093,14.0175
0.4833,7.7319,1.5723,1403860.8793,26.1453,13.4465
0.4838,7.7685,1.4864,1507393.4748,27.6053,25.1119
0.4564,7.111,1.4287,1442055.4856,26.4205,14.4729
0.4716,7.9547,1.4816,8064634.0566,28.3801,14.9919
0.4846,8.5658,1.5156,1358680.5183,27.473,17.9261
0.4847,9.267,1.506,1293438.2804,26.3976,15.0802
0.4527,7.4862,1.4358,7870011.3478,27.8663,10.7926
0.4666,7.3005,1.5149,1245717.2504,26.4995,11.5646
0.4797,10.7703,1.4803,7090232.3663,28.5244,11.2572
0.4758,8.466,1.4527,7780362.626,28.2711,18.0373
0.4616,8.0433,1.4292,7873954.8351,27.4405,13.2013
0.4596,7.418,1.4201,7751892.3243,29.3902,17.3169
0.4608,7.4973,1.4423,8130085.9102,29.8998,15.8327
0.4637,8.8933,1.4113,7343715.8748,29.2749,14.61
0.4749,9.5341,1.4559,1506952.1496,25.4973,12.4722
0.4834,7.2937,1.5391,1466166.5525,27.3071,20.3123
0.474,7.5992,1.4664,1455135.799,27.0346,20.0023
0.4685,8.8933,1.4113,1328829.9533,27.1658,16.6813
0.4767,8.7395,1.4953,1340093.142,25.8611,12.9553
0.4751,8.3707,1.5235,1502061.806,26.8782,11.9608
0.4759,10.0406,1.4502,1407412.5044,27.9934,14.3491
0.4753,8.2386,1.4636,1438185.7614,27.732,18.9889
0.4736,9.4135,1.4405,8072443.395,27.4506,13.672
0.4777,7.0358,1.5719,7476049.5455,27.9349,13.2239
0.4833,9.7266,1.4269,1466281.0392,27.5931,21.5822
0.4795,12.472,1.446,6946075.5767,29.7309,10.8136
0.4688,9.5341,1.4559,7598721.6311,28.914,11.4346
0.4864,11.4771,1.417,1448487.8789,25.7645,15.836
0.4802,7.5377,1.5384,1364876.3782,26.7561,16.2778
0.4655,7.5063,1.4805,8456869.2583,28.147,13.2242
0.4845,8.0196,1.4481,1459074.4985,25.9758,26.4979
0.4683,8.0363,1.4645,1275220.086,26.0,13.7245
0.4662,8.1239,1.4103,1476787.2155,26.5583,17.7523
0.4739,7.5367,1.4214,1463782.4595,27.4869,26.8739
0.4691,10.3821,1.4185,8054591.7737,29.0418,12.0716
0.4741,9.7038,1.4398,8044481.1594,29.349,14.811
0.466,7.2333,1.4483,7745635.5877,28.875,18.7526
0.4714,7.7942,1.4948,7559505.1526,29.1446,15.064
0.4813,7.9687,1.4669,1384127.2784,25.0763,20.3047
0.4779,9.288,1.4327,1382277.9016,27.7861,19.4746
0.4675,10.6332,1.4121,7902521.7146,27.3877,10.1946
0.483,8.4638,1.4431,1518174.3159,27.7191,26.1282
0.4782,11.6377,1.4647,8226282.579,29.426,10.3393
0.4785,7.3255,1.4064,1340900.5268,26.1022,32.5447
0.4768,7.6899,1.4995,1474294.8732,25.6767,16.1341
0.4776,11.3473,1.4024,8003754.5232,27.0552,12.722
0.4732,9.4718,1.5068,7323306.3221,29.4529,10.3363
0.4791,11.4771,1.417,7282295.3916,28.6114,13.6156
0.4664,7.2085,1.491,8110413.5876,27.0776,12.9796
0.4711,9.7335,1.4403,7461618.2412,28.8279,12.9543
0.455,8.8621,1.4017,7865062.9325,29.3547,11.4834
0.4678,7.3423,1.4381,7518637.9835,27.1858,18.5101
0.4745,8.8817,1.5117,6619428.0059,27.2178,10.5443
0.4874,8.8679,1.4216,1422964.329,27.6701,30.6334
0.4765,7.9424,1.4576,1322119.6687,25.6666,19.1005
0.4757,8.5658,1.5156,7628419.1422,29.4223,13.0941
0.4698,8.0895,1.4207,1516295.4023,27.7858,20.7897
0.4602,8.2367,1.4414,8220951.326,27.6085,11.1964
0.4716,9.0555,1.4439,1365606.1665,25.8362,13.5444
0.4731,7.0539,1.5872,7276064.1194,29.7457,10.7701
0.4667,7.782,1.4574,1293017.5176,25.1147,13.4525
0.4751,11.1215,1.4023,1370798.9685,26.1064,12.9314
0.4619,9.4911,1.4247,7596511.2912,27.868,10.1812
0.4883,8.6812,1.4438,1444424.5816,27.1836,28.4855
0.4772,9.3578,1.4861,8073614.178,27.3487,12.0604
0.479,9.1451,1.404,1354002.7177,25.8953,21.1955
0.4837,9.2113,1.5328,1344056.5271,26.2173,12.4378
0.4719,7.1903,1.4584,6819916.1971,27.2631,20.1473
0.4772,9.7714,1.463,1229607.0219,25.8187,12.7308
0.4775,10.6015,1.4462,1322726.8334,26.6768,12.7349
0.4799,7.3148,1.5554,8531959.7451,28.8145,15.5689
0.4858,11.0146,1.4068,1438435.5185,27.2324,19.6713
0.4808,7.9823,1.5318,1339855.2647,27.8012,16.6169
0.4738,9.3202,1.4986,7717178.4798,29.5262,11.4908
0.486,9.451,1.4872,1434502.3913,26.5693,17.051
0.472,9.9422,1.4293,7297667.1841,29.4866,14.2252
0.477,10.4414,1.4766,8222832.3775,29.4473,11.5674
0.4701,9.8206,1.4067,1391619.1582,26.6543,14.2535
0.4839,11.6237,1.4162,1423742.659,25.3843,13.8768
0.4774,10.2364,1.428,7370343.0085,29.5358,16.1444
0.4626,8.1511,1.4162,1557720.232,27.0824,15.5549
0.4805,9.0411,1.4769,1420091.8619,25.2014,14.6523
0.4732,7.2574,1.54,1369866.6257,27.7312,13.9901
0.4648,7.9664,1.4255,8097932.2707,28.7805,16.7496
0.4654,9.5236,1.4308,7401162.9943,28.5749,11.5644
0.4763,7.6559,1.5252,1415606.9541,25.8924,13.8184
0.4657,9.8988,1.4052,7491454.0339,29.411,13.14
0.4735,7.7135,1.4817,7195516.4072,27.3223,16.1229
0.4667,7.9309,1.5031,8176137.4131,28.9013,11.2397
0.4618,7.3608,1.4306,7135279.0683,28.6497,17.219
0.4568,7.6811,1.4262,8177818.4257,29.7849,14.3127
0.4777,10.276,1.4599,1329986.8218,26.2875,12.3137
0.4812,8.6124,1.471,1548823.7462,26.8929,19.3776
0.479,8.1932,1.4947,7603255.8029,28.3856,17.2099
0.488,9.5402,1.4436,1397648.1986,25.9556,21.4456
0.4722,8.1455,1.46,7887444.9655,29.6813,17.9984
0.463,8.3842,1.4301,7645036.0658,27.1022,12.4702
0.4722,10.7487,1.4257,8174232.2777,28.471,11.5722
0.484,12.1503,1.4051,1421305.5964,25.9427,14.0145
0.46,7.714,1.4428,1442880.8845,25.6393,12.1365
0.475,9.3101,1.4021,8287024.385,29.9845,20.8393
0.4682,7.0542,1.4036,7863741.5851,29.0269,27.5257
0.4718,7.3043,1.4786,1355414.3144,25.7154,16.9666
0.4773,9.3563,1.4428,1362704.8165,26.6398,16.4666
0.4699,9.0921,1.4506,8116947.2231,28.0012,12.6258
0.4752,8.3704,1.5581,6883645.1063,29.0143,10.0046
0.4627,8.4199,1.4515,8066513.5143,28.68,11.805
0.4829,7.7937,1.4765,1427641.611,27.8067,25.9343
0.4579,7.5941,1.4006,1518263.3093,25.5162,14.9077
0.4794,9.0818,1.4788,1478450.6085,26.0063,14.704
0.4743,7.5561,1.4354,1428075.4678,27.814,25.6754
0.4759,7.4746,1.4785,1456484.4871,26.0483,19.2358
0.4768,8.0296,1.5277,7636752.8448,28.7514,13.7952
0.4681,8.2109,1.4242,7455552.6828,28.9509,18.1195
0.4778,10.4689,1.4534,7631678.9284,29.2547,13.4059
0.4775,8.8129,1.5347,8006511.314,27.6342,10.4394
0.4715,10.5129,1.4538,7723336.2883,28.6611,10.306
0.4641,10.0271,1.4128,6745217.6443,29.1419,11.5879
0.4709,10.0524,1.425,1419108.0847,25.6854,11.7843
0.4586,7.6292,1.4655,7989825.0566,27.133,10.1838
0.4558,7.1897,1.411,7628128.1807,28.8802,16.5109
0.4871,7.5569,1.5897,1435470.7075,27.8777,16.4933
0.4723,8.904,1.4701,7581996.2816,28.1423,13.0118
0.4844,10.1188,1.406,1340753.9745,25.8973,20.3432
0.4758,8.6942,1.4474,7863389.5906,27.2148,16.4026
0.4789,12.9118,1.4,8351245.1361,29.0339,11.7024
0.4786,10.2912,1.4655,1465241.3909,25.6575,11.6992
0.4791,10.7914,1.4266,1448309.5828,25.9081,13.5853
0.4748,11.131,1.4508,7508872.0008,29.8671,11.2676
0.48,8.7054,1.5215,7404888.3407,27.5514,12.8055
0.4703,7.0259,1.4484,7728438.3973,29.2143,23.6026
0.4609,7.8131,1.4613,7966174.5607,27.4533,11.1522
0.4793,9.7276,1.4039,1247786.6,27.1497,20.7251
0.4699,11.3335,1.4117,7558558.9073,29.2235,11.0136
0.4781,8.095,1.4384,1388062.5776,27.8582,25.1776
0.4834,8.278,1.5469,1341294.5555,26.4953,14.2372
0.4806,9.9422,1.4293,1293604.7641,25.1848,15.7146
0.4859,11.2556,1.4647,1339104.4701,25.9271,12.8849
0.4738,9.5491,1.4663,1457903.8045,25.5225,11.2745
0.4886,7.3148,1.5554,1500306.3853,25.0742,18.927
0.4622,7.9162,1.4872,7941324.8384,28.1986,10.0774
0.4865,7.391,1.4779,1392887.8097,27.3326,31.4425
0.4802,8.7006,1.5161,1462419.0393,27.0637,14.2909
0.4746,7.1289,1.5187,1318210.5354,25.0947,14.6912
0.4593,8.958,1.4344,7626112.8919,28.3932,10.141
0.4504,7.1568,1.434,7780306.9248,29.5909,12.1503
0.4793,7.8773,1.4459,7377927.0994,28.2244,24.4167
0.4784,8.2988,1.5424,8571131.8404,28.8588,12.4493
0.4615,8.2931,1.4137,1537321.0669,26.2456,13.832
0.4576,7.1262,1.4452,1431208.745,25.7575,12.8828
0.4779,8.3901,1.408,1291138.3909,27.5049,26.679
0.4776,8.7404,1.4032,8059001.7206,29.2429,24.5509
0.4775,7.1688,1.5688,7545409.6005,28.177,13.0718
0.4772,8.0053,1.4468,1523648.7939,26.3852,21.4797
0.4803,9.9559,1.4118,1535692.602,25.5566,17.4049
0.4786,7.1033,1.4479,8205796.7712,27.7622,27.7915
0.4732,7.3423,1.4381,1355579.4192,25.0779,21.2414
0.4798,9.9393,1.493,7645820.9473,29.1902,12.7449
0.4744,7.5377,1.5384,7691367.7226,27.4194,12.2158
0.4796,9.5402,1.4436,7388158.2254,27.7032,16.4627
0.4541,7.6667,1.4548,7030764.6315,29.2408,10.5099
0.4586,8.2779,1.4202,1293887.7835,25.8367,11.7206
0.4675,9.4911,1.4247,1398338.2416,25.9885,12.0445
0.4793,7.2481,1.5152,1438938.0883,27.7963,21.0522
0.4726,7.4291,1.4485,1459208.8001,27.1376,22.2197
0.4686,7.0724,1.4614,1409438.402,27.3755,20.0495
0.4789,10.2966,1.4644,1368946.7103,25.1668,11.4373
0.4741,8.6548,1.5029,8758122.9971,27.3008,11.2307
0.4616,7.2638,1.4574,6789010.2836,28.2801,14.611
0.4759,7.9547,1.4816,1315523.8757,26.8908,17.8043
0.4815,9.4033,1.4273,1450305.1203,25.1226,18.1669
0.4742,8.621,1.5239,8084789.1254,27.4956,10.1822
0.482,11.2932,1.4286,1480551.4271,26.986,14.5626
0.4615,8.4157,1.4457,7749546.5207,29.2925,12.2491
0.4845,7.4066,1.4198,1481745.376,26.2218,36.3857
0.466,8.1956,1.4308,1368384.7033,26.2312,15.0657
0.4821,7.2019,1.4386,1389490.6459,26.5002,33.0515
0.4774,7.3677,1.5062,8164488.327,28.2392,18.4254
0.4767,10.7092,1.4455,8162385.1915,29.9115,13.2863
0.4715,8.2109,1.4242,1316867.1855,27.6035,20.7824
0.4761,11.3515,1.4474,8538647.3266,29.2718,10.9868
0.4809,7.3359,1.5696,1332591.726,26.4403,14.0661
0.4793,12.1204,1.414,1451592.8242,27.3347,12.8002
0.4764,8.3365,1.5585,7840453.2901,29.3658,10.634
0.4781,8.0196,1.4481,7256596.9572,28.169,22.322
0.4593,8.085,1.4047,1374681.323,26.114,14.1025
0.4845,10.3223,1.4808,1476177.2906,26.155,13.6275
0.4451,7.188,1.4256,7709643.7732,29.3378,10.1803
0.4775,8.1563,1.4348,8349292.5783,28.9918,23.4493
0.4766,10.0457,1.4088,1372778.8249,25.5438,15.4019
0.477,7.3813,1.4033,1321668.2736,25.8052,30.4005
0.4791,7.5466,1.5674,1349447.6904,27.9589,13.8899
0.478,7.8211,1.4322,7597848.2904,28.4612,25.7893
0.4741,8.8171,1.5019,7954735.1248,27.6433,11.2715
0.4724,7.7948,1.4412,8164581.7216,29.8162,22.0436
0.4786,7.0114,1.4729,1446777.6198,26.2512,25.2143
0.4689,9.3829,1.4183,8171638.288,27.9048,13.6802
0.478,9.0743,1.4311,7394377.8698,28.6186,19.5164
0.4795,11.091,1.4216,1368629.6073,27.2934,14.7737
0.4794,7.8556,1.5295,1447135.3216,27.2076,15.8462
0.4774,7.6241,1.4589,1554970.5467,25.8018,21.4115
0.481,10.3281,1.4422,1245487.2807,26.4421,15.1765
0.4739,7.6754,1.5549,7205511.6612,28.3243,10.9829
0.4885,7.8536,1.4058,1469869.9877,25.2805,36.6985
0.4869,9.6558,1.4715,1422362.1197,26.0418,17.6316
0.4641,8.6224,1.4304,8346962.798,29.3913,14.0068
0.4663,7.2574,1.54,8191225.1975,29.6889,10.6185
0.4626,8.5591,1.4322,1360179.6541,26.9843,12.783
0.4729,7.2518,1.4316,7982036.8488,28.0231,24.5875
0.4745,8.2149,1.4425,1235357.1933,26.1139,18.7495
0.4659,7.2158,1.505,7560984.5453,29.5008,13.5546
0.4734,9.9231,1.4054,1383165.1665,25.7356,14.6798
0.4626,8.6493,1.4149,7650599.1092,28.1447,13.5502
0.4658,7.9841,1.4031,6883781.872,28.6254,19.7275
0.4671,7.6253,1.4533,7779008.9405,29.6008,17.7363
0.4672,8.1365,1.4265,7941678.0084,28.8557,17.4571
0.4772,7.5719,1.5625,1339082.6899,27.5786,12.8694
0.4775,7.6083,1.5022,1360948.0205,27.9054,19.4573
0.4819,7.2039,1.488,1332886.493,27.614,27.1495
0.4797,7.6644,1.5847,7518543.1047,29.7153,12.3513
0.4705,9.7641,1.4276,7608393.5432,29.4247,14.032
0.461,9.8206,1.4067,8283606.8158,27.6861,10.0154
0.4695,7.1978,1.5049,1418326.9171,25.2416,13.0116
0.4755,9.1045,1.4649,1374103.5898,26.0097,13.8036
0.4672,8.4157,1.4457,1486701.1557,27.4858,14.8732
0.4667,7.3249,1.4687,1266184.1145,27.817,17.1626
0.473,9.0798,1.4685,1390863.066,26.3958,12.8054
0.4677,8.0053,1.4468,7311304.0966,27.5053,15.1342
0.4583,7.3124,1.4889,7469634.2433,28.8725,10.4607
0.4786,7.7685,1.4864,7669869.3431,29.7465,21.4573
0.4786,7.0338,1.6162,7779931.4878,29.9874,11.1663
0.4647,8.958,1.4344,1371900.6303,27.6531,12.9902
0.4797,12.0275,1.4549,7843426.6835,29.1765,10.644
0.4527,7.7185,1.4389,7575104.1382,29.2135,10.8593
0.4776,11.8892,1.4325,7838218.0367,29.8363,11.867
0.4787,8.7302,1.5258,7705455.4638,27.9833,12.1151
0.4566,7.1295,1.481,7085888.1551,28.7555,10.8407
0.4821,8.9359,1.4085,1553485.3869,26.1437,24.2834
0.4638,9.6974,1.4186,8168926.7723,27.4995,10.446
0.4529,8.85,1.4165,7532776.2093,29.9537,10.0983
0.4765,10.9988,1.4202,1472560.1473,26.152,12.6335
0.4781,7.9929,1.4932,7299134.9947,28.5857,17.9484
0.4747,8.466,1.456,7771654.7102,29.6416,18.5325
0.4768,11.6972,1.4458,7087949.1855,29.447,11.0486
0.4791,11.9029,1.4124,1473767.9318,26.9557,12.9472
0.4705,10.2324,1.4015,1443783.717,27.7244,14.7063
0.4788,8.1051,1.4493,1501074.8898,27.6772,23.9277
0.4786,7.4058,1.547,7776878.7795,28.0472,14.6911
0.4795,10.1139,1.4126,8422429.0696,28.9807,18.1931
0.4701,11.5657,1.4063,8123129.5731,28.1898,10.1715
0.4788,9.1173,1.5364,7248076.636,28.2025,10.6419
0.4864,7.4738,1.4784,1507490.1703,25.9154,27.588
0.4753,9.3488,1.4327,1471353.2992,26.4749,16.0591
0.472,9.3433,1.4656,7501276.8438,29.3768,12.9818
0.4714,7.453,1.4928,7721134.7692,29.4529,16.939
0.4547,7.0868,1.421,1404521.7538,27.5901,15.5768
0.458,7.5562,1.4263,1377089.0207,25.8368,13.2396
0.4745,10.5431,1.428,1319190.037,27.1404,13.2354
0.4717,8.8327,1.441,8033382.7786,27.4868,14.5747
0.4735,8.9618,1.5089,8124999.1664,29.4838,11.4376
0.4745,8.2347,1.5284,7465989.9567,27.0601,10.7314
0.479,7.8659,1.4003,1358564.0559,25.5598,28.423
0.4589,7.1897,1.411,1381658.9958,27.3831,18.5224
0.4854,12.6524,1.4005,1471930.1173,25.9781,13.8629
0.463,7.3017,1.5041,7224208.627,29.3839,11.8114
0.4718,7.2625,1.4508,7781763.5344,28.3095,21.6741
0.4623,7.1879,1.4535,1508872.4205,27.7945,16.545
0.4831,7.1224,1.5538,1459095.1199,27.5467,19.5096
0.4854,9.1145,1.4159,1391926.6313,26.2206,25.2767
0.4754,11.0811,1.4018,7860649.7022,29.1824,14.333
0.4748,7.9565,1.4034,1314926.2762,26.4055,25.448
0.4723,9.3396,1.4229,1349206.7226,25.599,14.4171
0.4792,8.1455,1.46,1345982.6265,27.7557,22.8246
0.4864,8.4581,1.5251,1364009.4601,25.9468,16.699
0.4758,7.9272,1.4752,1396917.5814,25.6731,16.9263
0.4735,7.1286,1.4034,1389230.639,27.7561,33.2352
0.485,8.8528,1.4998,1360427.5544,27.5989,18.8319
0.4816,7.1169,1.5966,1394987.1766,27.7283,13.9321
0.4773,7.0218,1.5117,7947391.4055,28.1548,19.5189
0.4541,7.3206,1.459,7691202.3223,27.6499,10.0201
0.4697,7.3385,1.4973,8066687.1146,27.9639,14.4554
0.4671,8.091,1.4036,1414958.7899,26.4533,19.0367
0.4777,8.9921,1.5089,1383581.8611,27.3743,13.0409
0.4652,10.4191,1.4081,7503553.6838,29.623,11.6359
0.4705,7.2658,1.4052,7451143.695,29.8467,29.311
0.4784,9.0921,1.4506,1349828.6756,26.8853,17.6855
0.4694,7.0436,1.4037,7873175.7102,29.2148,29.0934
0.467,8.7418,1.4469,7636919.6467,29.0102,13.5222
0.4815,7.4058,1.547,1467840.1592,25.0426,14.7604
0.4797,7.9174,1.4561,7627184.4661,29.202,24.5635
0.4726,11.9029,1.4124,7568118.1113,29.147,10.7859
0.4816,11.5743,1.4396,1419546.3438,25.288,11.4334
0.4792,12.3339,1.4332,7826421.8761,29.6229,11.4517
0.4713,8.0212,1.5267,7766723.2547,28.3644,10.9307
0.4817,8.0709,1.4148,1296293.9229,26.4804,29.3574
0.4744,9.6821,1.4252,7308550.0409,27.3821,14.5195
0.4768,8.5289,1.4647,1353930.9368,25.0323,15.3157
0.4595,7.7805,1.4448,8019880.1638,29.571,13.5222
0.4644,9.5806,1.4067,7699530.6652,27.9237,12.113
0.4721,7.3325,1.4447,1382724.1254,26.9804,22.6821
0.4827,8.621,1.5239,1444155.0966,25.8228,13.9848
0.4524,7.3311,1.4016,7210232.4153,28.656,14.8051
0.4699,9.5491,1.4663,7189263.7834,28.6462,11.0189
0.4678,7.4973,1.4423,1373130.5734,25.4001,16.8897
0.4855,8.2821,1.5443,1395579.324,27.2446,16.4606
0.4786,8.5896,1.5022,8219324.6324,28.9626,15.1574
0.4821,8.7098,1.5339,1610576.1598,27.7322,14.3282
0.4667,8.6224,1.4304,1400143.9571,25.9184,13.6429
0.4755,9.2249,1.4731,8316805.1363,29.2056,14.0895
0.465,9.1195,1.4191,7881559.9402,28.3796,13.0522
0.4622,7.3249,1.4687,7611430.4533,27.4088,12.7486
0.4786,8.6659,1.4275,1406689.4239,27.8414,23.6327
0.4735,7.6083,1.5022,7178917.1537,29.879,17.1367
0.4845,9.3578,1.4861,1404548.7549,25.5508,15.4188
0.4741,10.6316,1.4392,1319104.9316,26.1221,11.241
0.479,12.0277,1.4042,1375805.029,26.1027,12.4103
0.4653,7.7581,1.471,1227387.103,26.6619,13.2344
0.4691,8.159,1.4696,1335139.3532,26.1948,13.4306
0.4721,7.6279,1.4283,1455870.6278,27.8615,24.3792
0.4806,9.2406,1.4121,1459131.4695,26.6464,22.1134
0.4729,8.0059,1.4251,1465861.8911,26.3773,20.9359
0.4604,8.1576,1.419,1379423.9742,25.4108,12.5776
0.4748,7.4551,1.5046,7002432.3372,27.2268,15.7118
0.4721,7.0421,1.429,1388588.5566,25.0512,23.294
0.4696,8.7554,1.434,1298260.0001,27.5218,16.1026
0.4764,7.4975,1.4236,1465444.8694,27.6459,29.459
0.4717,8.6616,1.4166,1445277.6053,26.2242,17.793
0.4528,7.8134,1.4027,7700525.1001,28.8179,13.1618
0.4661,10.8699,1.4161,7878782.5204,29.7626,10.5619
0.4757,8.7035,1.4357,1445807.73,27.8122,20.2411
0.4667,10.1651,1.4553,7421316.1372,29.9986,10.0254
0.4785,7.4301,1.5467,6766573.102,29.5395,16.2349
0.4829,8.5527,1.4531,1411508.5207,26.6396,22.5512
0.4777,7.5019,1.5858,7976232.9069,29.6512,11.6132
0.4711,7.7933,1.4173,1440718.6678,26.2846,21.5428
0.4815,8.5933,1.5218,1510114.7975,27.2928,15.0778
0.4694,8.0965,1.4964,7674974.3596,29.4607,13.027
0.4788,7.0733,1.478,1336639.5022,27.8612,27.1709
0.4732,7.1431,1.4399,8305203.323,29.5999,26.7651
0.4817,7.6259,1.5746,1371410.9028,26.7556,13.3355
0.477,9.7885,1.4005,1390522.8551,27.9893,20.3391
0.4695,7.8625,1.461,8268720.5846,27.5433,15.1991
0.4666,7.3124,1.4889,1242796.8081,25.9612,13.2445
0.4691,9.5885,1.4615,8414401.307,29.9438,11.592
0.4825,8.4759,1.5313,1397107.0882,27.8241,15.775
0.4687,8.9407,1.4202,1286242.8539,25.3124,13.8
0.46,8.5555,1.4398,6900587.1901,28.8107,11.4256
0.4781,10.4362,1.4438,7814208.3761,29.4291,14.4426
0.469,9.7829,1.4528,7045812.5095,27.7703,10.461
0.479,9.3101,1.4021,1446716.7718,27.9707,23.7352
0.4777,7.2687,1.4579,7509234.3603,28.2567,25.4987
0.4628,7.3891,1.4237,7394371.8592,29.9865,19.9137
0.478,8.7713,1.4548,1498493.5245,26.0223,17.1494
0.4747,8.7713,1.4548,8011237.7619,28.2946,15.9901
0.4679,8.3054,1.4462,7817442.7696,27.2838,13.8694
0.473,7.8871,1.4422,8256338.6985,28.0404,19.6019
0.463,8.1543,1.4412,7353235.8338,29.8889,14.757
0.4641,7.7348,1.4746,1413374.7949,27.2629,12.8821
0.4762,9.8458,1.4209,1386341.7834,25.7578,15.1138
0.4711,10.0462,1.4279,1406969.5824,27.413,13.2491
0.4536,7.2682,1.4102,1373462.8951,25.8399,13.4749
0.4769,9.7732,1.4796,7597832.134,27.8312,11.8129
0.4539,7.2829,1.4114,7709550.767,28.1453,14.2941
0.4678,10.5431,1.428,8161412.3192,28.8672,10.4932
0.4745,7.5685,1.5423,8471755.3816,27.841,12.056
0.4769,8.904,1.4701,1487919.859,25.1741,13.772
0.4785,8.6812,1.4438,7716068.3142,28.0772,19.5002
0.4569,8.3831,1.4071,7123134.5921,27.2126,11.7158
0.4867,9.2257,1.5245,1453109.7592,26.3375,14.6544
0.4845,11.7395,1.4557,1380132.5943,27.8381,13.534
0.4613,7.7195,1.4406,7412097.7461,28.516,14.2743
0.4749,8.018,1.4588,7767506.8833,27.1507,17.5229
0.4827,11.394,1.4402,1324494.1476,26.9394,13.8024
0.475,8.9548,1.4737,7610113.9057,27.9777,13.7263
0.4658,8.7554,1.434,8122794.8373,28.7647,13.6232
0.4631,7.6232,1.4341,1336521.7242,26.5778,15.77
0.4888,9.0568,1.4297,1268605.5228,27.0227,28.3212
0.4671,7.891,1.4034,7853331.0042,28.7091,20.8436
0.4713,9.8402,1.4357,7266621.2458,28.0595,12.5471
